2016,"Alcohol, abstainers lifetime (%)",,,abstainers 12 month,,,"Alcohol, consumers past 12 months (%)",,,"Alcohol, heavy episodic drinking (15+) past 30 days (%), age-standardized with 95%CI",,
Country, Both sexes, Male, Female, Both sexes, Male, Female, Both sexes, Male, Female, Both sexes, Male, Female
Afghanistan,99.1,98.6,99.6,99.3,99,99.7,0.7,1,0.3,0 [0-0],0 [0-0],0 [0-0]
Albania,25.2,14,35.9,49,35,62.4,51,65,37.6,24.6 [22.1-27.2],39.7 [36.2-43.1],10.1 [8.5-11.8]
Algeria,93.5,90.1,97,96.8,95.2,98.5,3.2,4.8,1.5,0.6 [0.5-0.8],1.1 [0.8-1.4],0.1 [0.1-0.1]
Andorra,10.3,5,15.6,25.4,14.8,35.7,74.6,85.2,64.3,34.9 [32.4-37.5],51.9 [48.7-54.9],17.4 [15.5-19.5]
Angola,33.9,20.6,46.7,52.3,38.4,65.7,47.7,61.6,34.3,37.6 [34.6-40.1],54.1 [51.2-56.2],21.9 [18.7-24.7]
Antigua and Barbuda,27.7,15.5,38.5,50.6,36.1,63.5,49.4,63.9,36.5,23.5 [21.4-25.7],38.8 [35.8-41.8],9.8 [8.4-11.3]
Argentina,6.7,3.1,10,32.6,20.1,44.3,67.4,79.9,55.7,23 [19.1-27.2],37.1 [31.3-42.9],9.3 [7.2-11.9]
Armenia,45.5,29.1,58.7,74,62,83.8,26,38,16.2,11.5 [10.5-12.5],20.8 [19.2-22.4],3.6 [3.1-4.1]
Australia,8.5,4.1,12.9,20.6,11.7,29.4,79.4,88.3,70.6,39.2 [34.7-43.6],57 [51.7-61.9],21.3 [17.6-25.3]
Austria,8.8,4.1,13.2,21.9,12.3,31.1,78.1,87.7,68.9,37.7 [35-40.3],55.3 [52.1-58.4],20 [17.8-22.3]
Azerbaijan,53.2,37.9,67.7,78.1,68.4,87.2,21.9,31.6,12.8,8.2 [7.3-9.1],14.4 [12.9-16],2.1 [1.8-2.4]
Bahamas,33,19.5,45.6,56.2,42.1,69.5,43.8,57.9,30.5,19.6 [17.6-21.6],32.6 [29.7-35.4],7.1 [6-8.3]
Bahrain,84.4,79.6,93.4,91.2,88.5,96.2,8.8,11.5,3.8,2.3 [1.9-2.9],3.4 [2.7-4.2],0.3 [0.2-0.4]
Bangladesh,92.5,88.9,96.1,97.8,96.5,99,2.2,3.5,1,0.8 [0.7-0.9],1.4 [1.3-1.6],0.1 [0.1-0.2]
Barbados,25.1,13.6,35.3,49.5,34.8,62.6,50.5,65.2,37.4,26.4 [24.1-28.6],42.4 [39.3-45.3],11.5 [9.9-13.2]
Belarus,7.5,5.9,8.8,26.4,21,30.8,73.6,79,69.2,28.2 [23.8-32.7],42.3 [36.6-47.8],15 [11.9-18.8]
Belgium,9.4,4.5,14.2,23.5,13.4,33.2,76.5,86.6,66.8,36.6 [34-39.2],54.1 [50.9-57.1],19 [17-21.2]
Belize,34.4,21,47.4,58.5,45.1,71.6,41.5,54.9,28.4,18.7 [16.9-20.6],31.1 [28.4-33.7],6.6 [5.6-7.7]
Benin,69.5,59.3,79.5,73.9,63,84.6,26.1,37,15.4,9.1 [8.2-10.1],16.1 [14.5-17.7],2.3 [1.9-2.7]
Bhutan,64.8,52.5,79.6,70.4,60.2,82.7,29.6,39.8,17.3,10.8 [9.4-12.2],17.5 [15.4-19.7],2.6 [2.2-3.2]
Bolivia (Plurinational State of),12,5.9,17.9,54.6,40.9,68.1,45.4,59.1,31.9,20.9 [17-24.9],34.2 [28.4-39.6],7.7 [5.6-10.3]
Bosnia and Herzegovina,27.4,15.5,39.2,52.1,37.9,66,47.9,62.1,34,22.7 [20.3-25.2],36.4 [33-39.8],8.6 [7.2-10.2]
Botswana,53,38,67.8,68,56,80,32,44,20,18 [16.5-19.5],29.5 [27.4-31.5],6.6 [5.7-7.6]
Brazil,21.4,11.4,30.8,59.7,46,72.7,40.3,54,27.3,19.7 [16.4-23],32.6 [27.7-37.2],7.2 [5.4-9.4]
Brunei Darussalam,38.6,42.2,34.7,66.7,62.7,70.9,33.3,37.3,29.1,9.8 [8.1-11.7],13.9 [11.8-16],5.5 [4.1-7.1]
Bulgaria,13.9,6.8,20.6,34,20.8,46.1,66,79.2,53.9,38.7 [35.5-41.7],56.6 [53-60],20.6 [17.9-23.5]
Burkina Faso,58.5,47.2,69.3,63.1,48.8,76.8,36.9,51.2,23.2,15.7 [14.3-17.2],27.3 [25-29.5],4.8 [4.2-5.6]
Burundi,52.9,37.8,67.4,68.4,56.3,80,31.6,43.7,20,15.7 [14.6-16.8],26.5 [24.8-28.1],5.3 [4.7-6]
Cabo Verde,55.7,44.2,67,66.2,53.1,78.6,39.4,53.8,25,13.5 [12.2-14.8],23.4 [21.4-25.4],4 [3.4-4.6]
Cambodia,45.6,30.3,59.6,69.1,56.8,80.4,30.9,43.2,19.6,10.9 [9.9-12],19.5 [17.7-21.3],3.1 [2.7-3.6]
Cameroon,60.9,48.5,72.8,60.6,46.2,75,33.8,46.9,21.4,17.6 [16-19.2],29.7 [27.3-32.1],5.6 [4.8-6.4]
Canada,12.2,6,18.2,35.5,22.7,47.9,64.5,77.3,52.1,24.2 [22-26.5],38.5 [35.3-41.7],9.8 [8.5-11.3]
Central African Republic,43.7,28.8,58,62.4,49.2,75.1,37.6,50.8,24.9,28.2 [25.6-30.4],42.9 [40-45],14.3 [11.9-16.5]
Chad,72.7,62.8,82.4,77.6,68.3,86.9,22.4,31.7,13.1,7.2 [6.4-8.1],12.8 [11.4-14.2],1.7 [1.5-2]
Chile,6.6,3.1,10.1,32.4,20,44.2,67.6,80,55.8,22.9 [18.9-27.1],36.6 [30.8-42.5],9.1 [7-11.7]
China,42.1,29.1,55.6,44.1,31.4,57.4,55.9,68.6,42.6,23.6 [14.9-32.9],37.1 [24.5-48.9],9.2 [4.8-15.9]
Colombia,26.4,14.8,37.3,61.7,48.3,74.4,38.3,51.7,25.6,15.4 [13.6-17.3],26.3 [23.4-29.1],4.9 [4.1-5.9]
Comoros,93.3,89.8,96.9,95.9,93.8,98.1,4.1,6.2,1.9,0.3 [0.2-0.3],0.5 [0.4-0.6],0 [0-0]
Congo,29.7,17.4,41.8,48.3,34.5,62,51.7,65.5,38,41.7 [38.6-44.2],58.2 [55.4-60.3],25.4 [21.9-28.4]
Cook Islands,24,13.4,34.4,49.4,35.5,63,50.6,64.5,37,39.7 [37.9-41.3],56.4 [54.8-57.7],23.6 [21.6-25.4]
Costa Rica,27.9,16,39.6,63.4,50.5,76.1,36.6,49.5,23.9,14.5 [12.7-16.3],24.5 [21.7-27.3],4.4 [3.6-5.3]
Côte d'Ivoire,56.7,45.7,68.3,61.5,47.7,75.9,38.5,52.3,24.1,17.1 [15.5-18.6],28.4 [26-30.7],5.2 [4.4-6]
Croatia,18.5,9.4,26.8,40.3,26.1,53.2,59.7,73.9,46.8,32.1 [29.2-35],49.1 [45.4-52.6],15.2 [13.1-17.6]
Cuba,29.7,17.3,42.1,53.9,40.1,67.7,46.1,59.9,32.3,22.2 [20.1-24.3],35.7 [32.8-38.6],8.3 [7.1-9.7]
Cyprus,13.6,6.9,20.6,31.2,19.4,43.4,68.8,80.6,56.6,30 [27.6-32.4],45.5 [42.3-48.6],13.3 [11.7-15]
Czechia,9.3,4.4,14,24.6,14,34.6,75.4,86,65.4,47 [43.5-50.4],65.3 [61.7-68.5],28.6 [25.1-32.1]
Democratic People's Republic of Korea,58,44.4,70.8,59.7,46.3,72.3,40.3,53.7,27.7,13.9 [8.2-20.6],23.6 [14.4-33.5],4.3 [2.1-8]
Democratic Republic of the Congo,45.1,30.4,59.6,63.6,50.8,76.2,36.4,49.2,23.8,27.1 [24.6-29.3],41.3 [38.5-43.5],13.4 [11.1-15.6]
Denmark,10.7,5.2,16.1,25.6,15,35.8,74.4,85,64.2,34 [31.5-36.6],51 [47.9-54.1],16.9 [15-18.9]
Djibouti,68.9,56.2,81.6,80.3,71.8,88.9,19.7,28.2,11.1,7.7 [6.9-8.4],13.4 [12.2-14.6],1.9 [1.6-2.2]
Dominica,30.2,17.7,42.5,54.8,41,68.3,45.2,59,31.7,21.9 [19.9-23.9],35.5 [32.7-38.3],8.3 [7.1-9.6]
Dominican Republic,32.8,19.7,45.5,57,43.3,70.3,43,56.7,29.7,19.9 [18-21.8],32.8 [30-35.5],7.2 [6.1-8.4]
Ecuador,11.6,5.7,17.4,53.5,39.7,67.1,46.5,60.3,32.9,21.3 [17.3-25.3],34.8 [28.9-40.3],7.9 [5.7-10.6]
Egypt,94.3,91.2,97.3,97.2,95.8,98.6,2.8,4.2,1.4,0.5 [0.4-0.7],0.9 [0.7-1.2],0.1 [0.1-0.1]
El Salvador,35,20.8,46.8,70.6,58.2,81,29.4,41.8,19,10.4 [9.1-11.8],19.2 [16.9-21.6],3.1 [2.5-3.7]
Equatorial Guinea,14.5,7.5,22,27.1,16.7,38.3,72.9,83.3,61.7,63.1 [59.4-65.9],77.6 [75-79.4],47.3 [42.5-51.2]
Eritrea,68.1,55.1,80.8,79.7,70.8,88.4,20.3,29.2,11.6,8 [7.3-8.8],14.2 [12.9-15.4],2.1 [1.8-2.4]
Estonia,11.6,5.3,16.9,27.2,15.1,37.4,72.8,84.9,62.6,47.4 [42.2-52.3],66.2 [60.8-70.7],29.6 [24.2-35]
Eswatini,55.8,40.8,70.2,71.2,59.6,82.3,28.8,40.4,17.7,16.4 [15-17.7],27.5 [25.5-29.3],6 [5.1-6.9]
Ethiopia,64.7,51.1,78.1,77.4,67.9,86.8,22.6,32.1,13.2,9.7 [8.8-10.5],16.8 [15.5-18.2],2.7 [2.3-3]
Fiji,60.2,46.1,74.7,82.3,74.5,90.2,17.7,25.5,9.8,11.1 [10.4-11.7],18.2 [17.3-19.1],3.7 [3.2-4.1]
Finland,11.4,5.5,17.1,27.5,16.2,38.3,72.5,83.8,61.7,33.3 [30.8-35.7],50.1 [46.9-53.1],16.2 [14.4-18.1]
France,9.8,4.7,14.6,24.7,14.2,34.4,75.3,85.8,65.6,36 [33.4-38.6],53.7 [50.5-56.8],18.7 [16.7-20.9]
Gabon,18.3,9.7,27.1,33.5,21.4,45.9,66.5,78.6,54.1,56.7 [53.2-59.4],72.6 [70-74.5],40.5 [36.1-44.2]
Gambia,68.5,58.1,78.4,73.3,62.2,83.8,26.7,37.8,16.2,9.5 [8.5-10.5],17 [15.3-18.6],2.5 [2.1-2.9]
Georgia,33.9,19.8,46.3,64.9,51.1,77,35.1,48.9,23,18.5 [17.1-19.8],30.9 [28.8-32.8],6.7 [5.9-7.6]
Germany,7.9,3.7,12,20.6,11.5,29.4,79.4,88.5,70.6,39.7 [37-42.5],57.6 [54.3-60.7],21.8 [19.5-24.3]
Ghana,69.5,58.9,79.6,74,63.2,84.3,26,36.8,15.7,8.9 [7.9-9.9],15.8 [14.2-17.4],2.3 [1.9-2.6]
Greece,15,7.4,22,34.6,21.7,46.7,65.4,78.3,53.3,28.2 [25.9-30.6],44 [40.8-47.2],12.5 [10.9-14.1]
Grenada,26.6,15.1,38,50.4,36.4,64.3,49.6,63.6,35.7,25.2 [23-27.4],39.9 [36.9-42.8],10.2 [8.8-11.8]
Guatemala,38.2,23.9,51.2,72.7,61.4,83.1,27.3,38.6,16.9,9.1 [7.9-10.4],16.5 [14.4-18.7],2.4 [2-3]
Guinea,73.6,64,83.2,78.4,69.3,87.4,21.6,30.7,12.6,6.8 [6-7.6],12 [10.7-13.4],1.6 [1.3-1.9]
Guinea-Bissau,66.1,55.1,76.8,71.2,59.5,82.5,28.8,40.5,17.5,10.8 [9.7-11.9],18.9 [17.1-20.6],2.9 [2.5-3.3]
Guyana,36.3,22.6,50,60.9,47.8,74.1,39.1,52.2,25.9,17.6 [15.9-19.4],29.2 [26.6-31.7],5.9 [5-6.9]
Haiti,40.4,25.9,54.2,64.9,52.1,77.1,35.1,47.9,22.9,14.9 [13.3-16.5],25.6 [23.1-28],4.8 [4-5.6]
Honduras,34.8,21.4,48,70.2,58.7,81.5,29.8,41.3,18.5,10.7 [9.3-12.1],18.6 [16.3-20.9],2.9 [2.4-3.5]
Hungary,14.2,6.8,20.7,33.4,20.1,45.2,66.6,79.9,54.8,37.9 [34.7-40.9],56.1 [52.4-59.5],20.2 [17.5-23.1]
Iceland,12.7,6.3,19.1,28.5,17.4,39.7,71.5,82.6,60.3,30.6 [28.2-33],46.7 [43.6-49.8],14.1 [12.5-15.9]
India,53.5,39.1,68.8,61.2,48.6,74.6,38.8,51.4,25.4,17 [15.1-18.9],27.8 [24.9-30.5],5.4 [4.5-6.5]
Indonesia,57.2,42.6,71.8,77.3,67.7,86.8,22.7,32.3,13.2,6.4 [5.6-7.1],11.3 [10-12.6],1.4 [1.2-1.7]
Iran (Islamic Republic of),96,93.4,98.7,96.5,94,98.9,3.5,6,1.1,0.1 [0.1-0.2],0.3 [0.2-0.4],0 [0-0]
Iraq,93.8,90.5,97.1,96.9,95.3,98.5,3.1,4.7,1.5,0.6 [0.4-0.7],1.1 [0.8-1.4],0.1 [0.1-0.1]
Ireland,7.4,3.5,11.2,18.7,10.5,26.9,81.3,89.5,73.1,40.5 [37.7-43.3],58.5 [55.2-61.6],22.6 [20.2-25.1]
Israel,24.4,13.4,34.9,45,31.1,58.4,55,68.9,41.6,18.4 [16.5-20.3],30.4 [27.5-33.4],6.4 [5.5-7.4]
Italy,27.4,15.1,38.8,32.2,18.8,45.6,67.8,81.2,54.4,25 [22.9-27.2],39.7 [36.7-42.7],10.3 [9.1-11.7]
Jamaica,40.8,26.3,54.9,65.1,52.6,77.4,34.9,47.4,22.6,14.7 [13.1-16.3],25 [22.5-27.4],4.6 [3.9-5.4]
Japan,9.1,4.3,13.7,43,28.7,56.3,57,71.3,43.7,28.7 [24.5-33],44.7 [38.9-50],12.6 [9.8-15.9]
Jordan,93.9,90.7,97.2,97,95.5,98.6,3,4.5,1.4,0.6 [0.4-0.7],1 [0.8-1.3],0.1 [0.1-0.1]
Kazakhstan,31.5,18.2,43.5,60.1,45.7,72.8,39.9,54.3,27.2,19.9 [18.3-21.5],33.3 [31-35.5],7.5 [6.6-8.5]
Kenya,63.1,49.2,76.9,76.1,66.2,86,23.9,33.8,14,10.3 [9.4-11.2],17.8 [16.4-19.1],2.9 [2.5-3.3]
Kiribati,70.5,57.7,82.4,87.9,81.9,93.5,12.1,18.1,6.5,6.7 [6.2-7.3],11.8 [11-12.6],2 [1.7-2.3]
Kuwait,97.9,97,99.1,99.4,99.2,99.8,0.6,0.8,0.2,0 [0-0],0 [0-0],0 [0-0]
Kyrgyzstan,46,30.8,60.4,74.1,63.2,84.5,25.9,36.8,15.5,11.1 [10.2-12.1],19.4 [17.8-20.9],3.2 [2.8-3.7]
Lao People's Democratic Republic,35.5,21.9,48.7,60,46.6,73,40,53.4,27,16.6 [15-18.2],28.1 [25.7-30.5],5.5 [4.7-6.4]
Latvia,10.2,4.6,14.8,25,13.5,34.5,75,86.5,65.5,50.2 [44.9-55.1],69.1 [64-73.4],32.9 [27.3-38.6]
Lebanon,90.1,84.9,95.3,93.9,90.8,97,6.1,9.2,3,1.3 [1-1.6],2.4 [1.8-3],0.2 [0.2-0.3]
Lesotho,70.6,58,82.8,82.2,73.9,90.1,17.8,26.1,9.9,8.5 [7.7-9.4],14.9 [13.5-16.3],2.4 [2-2.8]
Liberia,63.7,52.4,74.9,69.2,57.3,81.1,30.8,42.7,18.9,12 [10.8-13.2],20.7 [18.8-22.6],3.3 [2.8-3.8]
Libya,99.5,99.2,99.8,99.9,99.8,99.9,0.1,0.2,0.1,0 [0-0],0 [0-0],0 [0-0]
Lithuania,8.1,3.6,11.8,20.9,10.9,29.1,79.1,89.1,70.9,54.9 [49.6-59.8],73.4 [68.6-77.3],38.2 [32.2-44.2]
Luxembourg,3.4,1.6,5.3,8.2,4.2,12.3,91.8,95.8,87.7,51.2 [46-56.3],68.9 [63.6-73.6],33.2 [28-38.7]
Madagascar,67,53.8,80,79.1,70,88,20.9,30,12,8.5 [7.8-9.3],15 [13.7-16.2],2.2 [1.9-2.6]
Malawi,63.2,49.2,76.9,76.3,66.4,86.1,23.7,33.6,13.9,10.4 [9.6-11.3],18 [16.6-19.4],2.9 [2.5-3.3]
Malaysia,49.6,34.4,64.5,70.4,58.8,81.8,29.6,41.2,18.2,9.1 [8-10.3],16.1 [14.2-18],2.3 [1.9-2.7]
Maldives,85.8,78.3,93.1,92.1,87.9,96.1,7.9,12.1,3.9,0.3 [0.3-0.5],0.7 [0.5-0.9],0 [0-0.1]
Mali,73.2,63.5,82.9,78.1,68.9,87.2,21.9,31.1,12.8,6.9 [6.1-7.8],12.3 [10.9-13.7],1.6 [1.4-1.9]
Malta,17.2,8.8,25.5,37,23.8,50,63,76.2,50,25.6 [23.4-27.8],40.1 [37.1-43.1],10.4 [9.1-11.7]
Marshall Islands,.,.,.,No data,No data,No data,.,.,.,.,.,.
Mauritania,98,96.9,99.1,99.1,98.6,99.5,0.9,1.4,0.5,0 [0-0.1],0.1 [0.1-0.1],0 [0-0]
Mauritius,45.9,30.7,60.6,68.8,56.6,80.5,31.2,43.4,19.5,10.8 [9.7-11.9],18.7 [16.9-20.6],2.9 [2.5-3.4]
Mexico,23.1,12.7,33.2,57.3,43.6,70.6,42.7,56.4,29.4,18 [15.9-20.1],30.1 [27-33.2],6.2 [5.1-7.4]
Micronesia (Federated States of),64.7,51.4,78.5,84.8,78,91.9,15.2,22,8.1,9.3 [8.7-9.9],15.5 [14.6-16.3],2.9 [2.6-3.3]
Monaco,.,.,.,No data,No data,No data,.,.,.,.,.,.
Mongolia,37.3,23.1,50.9,66.4,53.7,78.5,33.6,46.3,21.5,15.7 [14.4-16.9],26.5 [24.6-28.3],5.2 [4.5-5.9]
Montenegro,22.9,12.4,32.9,46,31.8,59.6,54,68.2,40.4,26.9 [24.3-29.6],42.4 [38.8-45.8],11.4 [9.7-13.3]
Morocco,94.6,91.6,97.4,97.4,96.1,98.7,2.6,3.9,1.3,0.5 [0.3-0.6],0.9 [0.6-1.1],0.1 [0.1-0.1]
Mozambique,66.8,53.1,79.4,79,69.5,87.7,21,30.5,12.3,8.7 [7.9-9.5],15.6 [14.3-16.9],2.4 [2.1-2.7]
Myanmar,50.1,34.7,64.6,72.9,61.7,83.5,27.1,38.3,16.5,8.9 [8-9.8],15.9 [14.3-17.4],2.3 [2-2.6]
Namibia,54.3,38.9,68.4,69.7,57.6,80.9,30.3,42.4,19.1,17.1 [15.7-18.5],28.9 [26.9-30.8],6.5 [5.6-7.4]
Nauru,53.7,38.8,68.3,78,68.5,87.2,22,31.5,12.8,14.4 [13.6-15.2],23.6 [22.5-24.6],5.4 [4.8-6]
Nepal,66.9,53.1,79.1,72.9,61.6,82.9,27.1,38.4,17.1,9.8 [8.6-11.1],17.7 [15.6-19.8],2.8 [2.3-3.3]
Netherlands,12.1,5.9,18.1,27.9,16.7,38.8,72.1,83.3,61.2,31.6 [29.2-34],48 [44.9-51.1],14.9 [13.2-16.8]
New Zealand,10.6,5.1,15.8,25.4,14.9,35.2,74.6,85.1,64.8,35.2 [31.1-39.4],53.1 [47.9-58],18.3 [15.1-21.8]
Nicaragua,31.6,18.7,43.8,67.5,55.1,79.2,32.5,44.9,20.8,12.1 [10.6-13.7],21.3 [18.8-23.8],3.6 [2.9-4.3]
Niger,75.2,66.2,84.2,79.8,71.2,88.3,20.2,28.8,11.7,6.2 [5.5-7],11 [9.7-12.3],1.4 [1.2-1.7]
Nigeria,43.1,30.4,56.3,47.4,33,62.3,52.6,67,37.7,27.3 [25-29.7],43.1 [39.9-46],11.3 [9.7-13]
Niue,41.3,26.8,55.4,66.8,54.5,78.9,33.2,45.5,21.1,23.2 [22-24.3],36.2 [34.8-37.5],10.4 [9.4-11.4]
Norway,9.3,4.5,14.2,21,12,30.2,79,88,69.8,35.4 [32.1-38.7],52.2 [48.1-56.2],17.9 [15.5-20.6]
Oman,85.3,81.5,94.2,91.7,89.6,96.7,8.3,10.4,3.3,2.1 [1.7-2.6],2.9 [2.3-3.6],0.3 [0.2-0.4]
Pakistan,96.5,94.7,98.4,98.8,98.2,99.4,1.2,1.8,0.6,0.1 [0-0.1],0.1 [0.1-0.2],0 [0-0]
Palau,.,.,.,No data,No data,No data,.,.,.,.,.,.
Panama,19.5,10.4,28.5,52.3,38.5,66,47.7,61.5,34,21.5 [19.1-23.9],34.9 [31.5-38.3],8 [6.6-9.5]
Papua New Guinea,67.6,54.8,80.7,86.3,80.1,92.7,13.7,19.9,7.3,7.8 [7.3-8.4],13.2 [12.4-14],2.3 [2-2.7]
Paraguay,24.7,13.9,35.7,64,51.6,76.8,36,48.4,23.2,17.2 [14.1-20.2],28.3 [23.8-32.4],5.7 [4.2-7.5]
Peru,8.8,4.2,13.3,46.8,32.9,60.4,53.2,67.1,39.6,26.3 [21.7-30.8],41.6 [35.3-47.4],11 [8.1-14.5]
Philippines,43.1,28.6,57.7,66.9,54.7,79,33.1,45.3,21,12.1 [11-13.3],20.8 [18.9-22.7],3.4 [3-3.9]
Poland,13.5,6.5,19.9,32,19.3,43.6,68,80.7,56.4,38.9 [35.7-42],57.1 [53.4-60.5],21 [18.2-23.9]
Portugal,12.6,6,18.4,30.8,18.4,41.7,69.2,81.6,58.3,31.3 [28.8-33.8],48.6 [45.3-51.8],15.2 [13.4-17.2]
Qatar,44.9,37.5,68.2,54.4,47.9,74.8,45.6,52.1,25.2,20.5 [15.8-25.3],25.6 [19.9-31.3],4.6 [3.1-6.6]
Republic of Korea,7.1,3.3,10.8,36.1,23,48.8,63.9,77,51.2,33 [28.3-37.6],49.9 [43.9-55.3],15.7 [12.3-19.6]
Republic of Moldova,11.4,5.4,16.8,33.4,20.4,45.2,66.6,79.6,54.8,28.6 [24.7-32.7],45.1 [39.6-50.3],13 [10.4-16]
North Macedonia,23.1,12.6,33.4,46.3,32.3,60.1,53.7,67.7,39.9,26.5 [23.9-29.2],41.8 [38.2-45.2],11.1 [9.4-12.9]
Romania,13.5,6.5,19.9,32.8,19.9,44.5,67.2,80.1,55.5,39 [35.9-42.1],57.2 [53.6-60.5],21.1 [18.4-24]
Russian Federation,27.2,24,30,41.9,38.6,44.6,58.1,61.4,55.4,38.8 [15.8-54.5],49.8 [24.5-59.6],29.1 [7.6-50.4]
Rwanda,48.8,33.2,62.4,65,51.6,76.6,35,48.4,23.4,17.9 [16.6-19.1],30.9 [29.1-32.7],6.9 [6.1-7.7]
Saint Kitts and Nevis,22.8,12.5,33,45.2,31.4,58.7,54.8,68.6,41.3,28.7 [26.2-31.1],44.7 [41.6-47.7],12.7 [11-14.6]
Saint Lucia,26,14.5,36.9,50.3,36.1,63.7,49.7,63.9,36.3,25.4 [23.1-27.6],40.7 [37.7-43.6],10.7 [9.2-12.3]
Saint Vincent and the Grenadines,29,16.9,41.3,53.4,39.7,67.2,46.6,60.3,32.8,22.8 [20.8-24.9],36.6 [33.7-39.4],8.7 [7.5-10.1]
Samoa,63.1,49.7,77.4,84,77.1,91.5,16,22.9,8.5,9.9 [9.2-10.5],16.1 [15.2-17],3.1 [2.7-3.5]
San Marino,.,.,.,No data,No data,No data,.,.,.,.,.,.
Sao Tome and Principe,60,48,71.8,66,No data,78.5,34,46.8,21.5,13.9 [12.6-15.2],23.9 [21.9-26],4.1 [3.6-4.8]
Saudi Arabia,93.4,91.4,96.1,94.2,92.7,96.5,5.8,7.3,3.5,0.2 [0.1-0.2],0.2 [0.2-0.3],0 [0-0]
Senegal,74.3,64.4,83.4,78.9,69.6,87.5,21.1,30.4,12.5,6.4 [5.6-7.2],11.7 [10.4-13.1],1.5 [1.3-1.8]
Serbia,17.9,9.1,26,40,26.2,53,60,73.8,47,32.9 [30-35.7],50 [46.4-53.4],15.8 [13.6-18.2]
Seychelles,23.2,12.7,33.8,45.1,31.3,59.1,54.9,68.7,40.9,26 [23.6-28.3],40.8 [37.5-43.9],10.5 [9.1-12.2]
Sierra Leone,63.5,52.1,74.6,69.1,56.9,80.8,30.9,43.1,19.2,12 [10.8-13.2],21 [19.1-22.8],3.4 [2.9-3.9]
Singapore,6.7,3.1,10.2,30,18.3,41.2,70,81.7,58.8,32.2 [26.8-37.6],49.2 [42.2-55.7],15.5 [11.7-19.9]
Slovakia,11.6,5.6,17.4,30.8,18.4,42.3,71.3,82.9,60,39.2 [35.9-42.4],57.5 [53.7-61],21.3 [18.5-24.3]
Slovenia,67.7,55,80.6,28.7,17.1,40,13.5,19.7,7.3,42.3 [39-45.6],60.3 [56.6-63.7],23.7 [20.7-26.9]
Solomon Islands,97.1,95.5,98.7,86.5,80.3,92.7,0.7,1.1,0.3,7.8 [7.2-8.3],13.2 [12.4-14],2.4 [2.1-2.7]
Somalia,53.5,38.3,68,99.3,98.9,99.7,31,43.2,19.4,0 [0-0.1],0.1 [0.1-0.1],0 [0-0]
South Africa,,,,69,56.8,80.6,,,,17.7 [16.2-19.1],29.3 [27.2-31.1],6.6 [5.7-7.6]
South Sudan,.,.,.,No data,53.2,No data,.,.,.,.,.,.
Spain,13.6,6.6,20.1,31.4,19.1,43,68.6,80.9,57,29.7 [27.3-32],45.8 [42.7-48.8],13.5 [12-15.2]
Sri Lanka,48.3,32.6,62.4,71.3,59.4,82.1,28.7,40.6,17.9,9.7 [8.7-10.7],17.3 [15.7-19],2.6 [2.3-3]
Sudan,95.2,92.7,97.8,97.7,96.6,98.9,2.3,3.4,1.1,0.4 [0.3-0.5],0.7 [0.5-0.9],0.1 [0-0.1]
Suriname,34.1,20.7,47.4,57.8,44.2,71.3,42.2,55.8,28.7,18.9 [17-20.7],31.1 [28.4-33.8],6.5 [5.6-7.6]
Sweden,11.6,5.7,17.5,27,16.1,37.8,73,83.9,62.2,32.4 [30-34.9],48.9 [45.7-52],15.5 [13.8-17.4]
Switzerland,7.5,3.5,11.4,18.8,10.4,27,81.2,89.6,73,39.9 [37-42.8],57.7 [54.3-61],22 [19.5-24.6]
Syrian Arab Republic,97.7,96.2,99.2,98,96.6,99.3,2,3.4,0.7,0 [0-0.1],0.1 [0.1-0.1],0 [0-0]
Tajikistan,53.8,39.1,68.6,79.3,70.4,88.2,20.7,29.6,11.8,7.9 [7.2-8.7],13.9 [12.6-15.2],2 [1.7-2.3]
Thailand,34.5,20.8,47.6,59.1,45.4,72.3,40.9,54.6,27.7,16.8 [15.3-18.4],28.4 [26-30.7],5.6 [4.8-6.4]
Timor-Leste,58,43.7,72.6,78.4,69.4,87.6,21.6,30.6,12.4,6.5 [5.8-7.2],11.3 [10.2-12.6],1.4 [1.2-1.7]
Togo,69.9,59.7,79.7,74.3,63.5,84.8,25.7,36.5,15.2,8.8 [7.9-9.8],15.7 [14.2-17.3],2.2 [1.9-2.6]
Tonga,66.4,53,79.4,85.8,79.1,92.3,14.2,20.9,7.7,8.5 [7.9-9.1],14.4 [13.6-15.2],2.7 [2.3-3]
Trinidad and Tobago,20.5,10.8,29.7,41.3,27.5,54.4,58.7,72.5,45.6,31 [28.3-33.6],47.8 [44.4-51],14.5 [12.5-16.6]
Tunisia,91.3,85.5,96.8,94.8,91.1,98.4,5.2,8.9,1.6,1.1 [0.9-1.5],2.2 [1.7-2.8],0.1 [0.1-0.1]
Türkiye,89.1,82.7,95.1,93.1,89,97,6.9,11,3,1.5 [1.2-1.9],2.9 [2.2-3.6],0.2 [0.2-0.3]
Turkmenistan,41.6,26.8,55.6,69.6,57.5,81,30.4,42.5,19,13.3 [12.2-14.5],23 [21.3-24.8],4.1 [3.6-4.7]
Tuvalu,66.4,53,79.5,85.6,78.9,92.2,14.4,21.1,7.8,8.4 [7.8-8.9],14.2 [13.4-15],2.6 [2.3-3]
Uganda,47.4,32.5,62,63.7,50.9,76.2,36.3,49.1,23.8,19.4 [18.1-20.7],31.9 [30-33.6],7.2 [6.4-8.1]
Ukraine,12.7,9.8,15,38.2,31.3,43.9,61.8,68.7,56.1,20.2 [16.8-24],31.6 [26.7-36.6],9.5 [7.4-12.1]
United Arab Emirates,70.6,65.4,87.3,81.5,78.3,92.1,18.5,21.7,7.9,6.4 [5.2-7.8],8.2 [6.6-9.8],0.9 [0.7-1.3]
United Kingdom of Great Britain and Northern Ireland,11,5.3,16.4,26.6,15.7,37,73.4,84.3,63,33.7 [31.2-36.2],50.9 [47.7-53.9],16.7 [14.9-18.7]
United Republic of Tanzania,47.1,32.2,61.6,63.6,50.7,76,36.4,49.3,24,19.4 [18.1-20.7],31.9 [30.1-33.7],7.2 [6.4-8.1]
United States of America,9.2,4.4,13.8,28.3,17,39.3,71.7,83,60.7,29 [26.4-31.7],44.7 [41.2-48.2],13.1 [11.4-15]
Uruguay,6,2.7,9,31.1,18.7,42.4,68.9,81.3,57.6,24.9 [20.7-29.3],39.7 [33.7-45.7],10.5 [8.1-13.5]
Uzbekistan,53.9,38.5,68.3,79.2,69.9,88,20.8,30.1,12,7.9 [7.1-8.7],14 [12.7-15.3],2 [1.7-2.3]
Vanuatu,67.6,54.6,80.4,86.4,80.1,92.6,13.6,19.9,7.4,7.9 [7.3-8.4],13.4 [12.5-14.2],2.4 [2.1-2.7]
Venezuela (Bolivarian Republic of),27.2,15.5,38.6,62,48.8,74.8,38,51.2,25.2,14.9 [13.1-16.8],25.4 [22.5-28.2],4.7 [3.8-5.6]
Viet Nam,38.6,24.1,52.4,63.4,50,76.1,99.4,50,23.9,14.4 [13.1-15.8],24.6 [22.5-26.7],4.4 [3.8-5.1]
Yemen,99,98.5,99.5,99.3,98.9,99.7,0.7,1.1,0.3,0 [0-0],0 [0-0],0 [0-0]
Zambia,58.7,44.2,73,72.7,61.7,83.5,27.3,38.3,16.5,12.6 [11.6-13.6],21.6 [20-23],3.8 [3.3-4.3]
Zimbabwe,71,58.4,82.8,82.4,74.3,90,17.6,25.7,10,8.3 [7.5-9.2],14.6 [13.2-16],2.3 [2-2.8]
