country,COVID cases/100k,deaths_per_100k,capital city latitude,GDP real growth rate,unemployment rate,gini index,inflation rate,median age,total fertility rate,life expectancy,HDI index,GDP per capita,happiness score,corruption index(cpi),abstainer(lifetime),abstain_lt_m,abstain_lt_f,abstainer(12 month),abstain_12m_m,abstain_12m_f,consumer(12 month),consumer gender ratio(male/female),consumers_12m_m,consumers_12m_f,heavy episodic drinking(30 days),heavy_12m_m,heavy_12m_f,alcohol attributable death,alc_death_m,alc_death_f,years of life lost by alcohol,alcohol consumption,alc_csm_m,alc_csm_f,alcohol consumption(drinkers only),alc_csm_dr_m,alc_csm_dr_f,gender gap index,ggi_polit,ggi_econ,ggi_edu,ggi_health,work hours (unpaid+paid+study),upw_f,upw_m,pc_f,pc_m,leis_f,leis_m,oth_time_f,oth_time_m,pws_f,pws_m
Afghanistan,528.741,20.122,34.51666667,2.7,23.9,29.4,5,19,5.02,62.7,0.509,569,2.566900015,19,99.1,98.6,99.6,99.3,99,99.7,0.7,3.333333333,1,0.3,0,0,0,0.2,0.3,0.1,1,0.2,0.4,0.1,24.4,27.7,10.4,0.4395,0.132,0.178,0.498,0.952,NaN,NaN,NaN,NaN,NaN,NaN,NaN,NaN,NaN,NaN,NaN
Albania,11544.096,124.887,41.31666667,3.8,13.8,29,2,33.4,1.52,78.4,0.792,4430,4.882699966,36,25.2,14,35.9,49,35,62.4,51,1.728723404,65,37.6,24.6,39.7,10.1,6.4,8.5,3.7,3,7.2,11.6,2.7,13.8,18.2,6.5,0.7785,0.398,0.761,0.999,0.956,NaN,NaN,NaN,NaN,NaN,NaN,NaN,NaN,NaN,NaN,NaN
Algeria,618.181,15.692,36.75,1.4,11.7,35.3,5.6,28.3,2.66,76,0.746,4160,5.005099773,36,93.5,90.1,97,96.8,95.2,98.5,3.2,3.2,4.8,1.5,0.6,1.1,0.1,1,1.6,0.4,1,0.9,1.6,0.3,25.8,30.6,11,0.6175,0.1105,0.461,0.9405,0.958,NaN,NaN,NaN,NaN,NaN,NaN,NaN,NaN,NaN,NaN,NaN
Andorra,60601.825,201.903,42.5,-1.1,3.7,NaN,-0.9,44.9,1.41,NaN,NaN,NaN,NaN,NaN,10.3,5,15.6,25.4,14.8,35.7,74.6,1.32503888,85.2,64.3,34.9,51.9,17.4,NaN,NaN,NaN,NaN,11,17.2,5.2,14.5,20.2,7,NaN,NaN,NaN,NaN,NaN,NaN,NaN,NaN,NaN,NaN,NaN,NaN,NaN,NaN,NaN,NaN
Angola,318.491,5.854,8.833333333,-2.5,6.6,42.7,29.8,15.9,6.09,64.6,0.582,3600,NaN,NaN,33.9,20.6,46.7,52.3,38.4,65.7,47.7,1.795918367,61.6,34.3,37.6,54.1,21.9,6.8,10.4,2.6,5,6.9,11.1,3.1,13.2,17,6.4,0.6475,0.2455,0.6415,0.726,0.976,NaN,NaN,NaN,NaN,NaN,NaN,NaN,NaN,NaN,NaN,NaN
Antigua and Barbuda,9298.573,149.088,17.11666667,2.8,11,NaN,2.5,32.2,1.99,NaN,NaN,NaN,NaN,NaN,27.7,15.5,38.5,50.6,36.1,63.5,49.4,1.750684932,63.9,36.5,23.5,38.8,9.8,4.5,7.2,1.5,3,6.4,10.3,2.9,13.9,18.5,6.6,NaN,NaN,NaN,NaN,NaN,NaN,NaN,NaN,NaN,NaN,NaN,NaN,NaN,NaN,NaN,NaN
Argentina,21522.47,287.693,34.58333333,2.9,8.4,41.7,25.7,31.9,2.25,76.5,0.842,13100,5.974699974,42,6.7,3.1,10,32.6,20.1,44.3,67.4,1.434470377,79.9,55.7,23,37.1,9.3,4.4,7.2,1.3,3,9.7,14.9,4.7,14.6,20,7.1,0.754,0.4015,0.637,1,0.977,NaN,NaN,NaN,NaN,NaN,NaN,NaN,NaN,NaN,NaN,NaN
Armenia,15042.248,293.936,40.16666667,7.5,18.9,31.5,0.9,35.6,1.64,75.6,0.771,4050,4.676799774,49,45.5,29.1,58.7,74,62,83.8,26,2.345679012,38,16.2,11.5,20.8,3.6,6,8.7,3.3,3,5.6,9.1,2.6,21.2,27.2,9.6,0.6855,0.1305,0.662,0.999,0.952,NaN,NaN,NaN,NaN,NaN,NaN,NaN,NaN,NaN,NaN,NaN
Australia,41634.28,59.816,35.26666667,2.2,5.6,30.3,2,38.8,1.77,82.9,0.943,58600,7.222799778,77,8.5,4.1,12.9,20.6,11.7,29.4,79.4,1.250708215,88.3,70.6,39.2,57,21.3,4.6,6.9,2.2,2,10.5,16,5.2,13.2,18.5,6.5,0.7345,0.258,0.7205,0.9925,0.968,479.325795,311,171.59583,666,649.25433,269,297.03137,22,18.062717,172,304.05576
Austria,62407.989,238.196,48.2,3,5.5,30.5,2.2,44.2,1.48,82.1,0.921,46300,7.294199944,76,8.8,4.1,13.2,21.9,12.3,31.1,78.1,1.272859216,87.7,68.9,37.7,55.3,20,5.3,8.6,2.3,2,12,18.5,5.8,14.4,20.5,7.1,0.779,0.48,0.669,0.997,0.97,508.996715,269.172,135.28297,640.78497,623.62311,274.27515,308.09048,7.2275581,8.0014725,248.75507,364.78339
Azerbaijan,8129.734,98.41,40.38333333,0.1,5,33.7,13,31.7,1.89,70.8,0.754,5260,5.164800167,30,53.2,37.9,67.7,78.1,68.4,87.2,21.9,2.46875,31.6,12.8,8.2,14.4,2.1,5.9,7.8,3.7,3,4.4,7.5,1.5,3.8,4.7,1.7,0.6875,0.069,0.746,0.9955,0.94,NaN,NaN,NaN,NaN,NaN,NaN,NaN,NaN,NaN,NaN,NaN
Bahamas,9529.961,211.828,25.08333333,1.4,10.1,NaN,1.4,32.3,1.94,73.8,0.812,32700,NaN,NaN,33,19.5,45.6,56.2,42.1,69.5,43.8,1.898360656,57.9,30.5,19.6,32.6,7.1,4.7,7.3,1.3,3,4.8,7.6,2.1,9.6,12.5,4.5,0.725,0.064,0.857,1,0.98,NaN,NaN,NaN,NaN,NaN,NaN,NaN,NaN,NaN,NaN,NaN
Bahrain,40914.917,90.269,26.23333333,3.8,3.6,NaN,1.4,32.5,1.73,77,0.852,21700,6.227300167,42,84.4,79.6,93.4,91.2,88.5,96.2,8.8,3.026315789,11.5,3.8,2.3,3.4,0.3,1.9,2.8,0.7,1,1.1,1.5,0.3,20.8,23,8.1,0.632,0.066,0.5125,0.99,0.959,NaN,NaN,NaN,NaN,NaN,NaN,NaN,NaN,NaN,NaN,NaN
Bangladesh,1236.622,17.872,23.71666667,7.4,4.4,32.1,5.6,27.1,2.15,74.2,0.625,1500,4.832799911,26,92.5,88.9,96.1,97.8,96.5,99,2.2,3.5,3.5,1,0.8,1.4,0.1,0.9,0.9,0.8,1,0,0,0,0.9,1,0.4,0.7165,0.546,0.4225,0.937,0.962,NaN,NaN,NaN,NaN,NaN,NaN,NaN,NaN,NaN,NaN,NaN
Barbados,36334.406,197.303,13.1,-0.2,10.1,NaN,4.4,38.9,1.68,76.5,0.81,16800,NaN,NaN,25.1,13.6,35.3,49.5,34.8,62.6,50.5,1.743315508,65.2,37.4,26.4,42.4,11.5,3.6,6.4,0.9,2,9.7,16,4.1,18.2,24.5,8.6,0.767,0.272,0.8345,0.992,0.968,NaN,NaN,NaN,NaN,NaN,NaN,NaN,NaN,NaN,NaN,NaN
Belarus,10519.666,75.328,53.9,2.4,0.8,26.5,6,40.3,1.49,74,0.823,6140,5.539899826,47,7.5,5.9,8.8,26.4,21,30.8,73.6,1.141618497,79,69.2,28.2,42.3,15,24,23.8,24.2,5,11.5,18.7,5.4,15.7,23.9,8.2,0.754,0.216,0.829,0.9945,0.977,NaN,NaN,NaN,NaN,NaN,NaN,NaN,NaN,NaN,NaN,NaN
Belgium,40236.825,286.892,50.83333333,1.7,7.1,25.9,2.2,41.5,1.78,81.4,0.93,42400,6.863500118,76,9.4,4.5,14.2,23.5,13.4,33.2,76.5,1.296407186,86.6,66.8,36.6,54.1,19,5.4,8,2.8,3,11.1,17.2,5.3,15.4,21.7,7.6,0.791,0.48,0.716,1,0.968,427.21596,237.32297,144.17238,677.39722,648.45746,316.70667,365.17313,9.0342674,8.4929714,199.2325,273.70407
Belize,17364.974,173.026,17.25,0.8,9,NaN,1.1,23.7,2.8,74.4,0.714,4710,NaN,NaN,34.4,21,47.4,58.5,45.1,71.6,41.5,1.933098592,54.9,28.4,18.7,31.1,6.6,6.5,9.6,1.9,4,6.2,9.9,2.6,15.4,19.8,7.3,0.697,0.075,0.738,0.994,0.98,NaN,NaN,NaN,NaN,NaN,NaN,NaN,NaN,NaN,NaN,NaN
Benin,230.797,1.345,6.483333333,5.6,1,36.5,0.1,18.4,4.67,64,0.541,1160,5.21600008,41,69.5,59.3,79.5,73.9,63,84.6,26.1,2.402597403,37,15.4,9.1,16.1,2.3,2.6,4,1.1,4,2.8,4.5,1.1,11.1,13.7,5.1,0.6325,0.0915,0.705,0.7615,0.973,NaN,NaN,NaN,NaN,NaN,NaN,NaN,NaN,NaN,NaN,NaN
Bhutan,8100.357,2.722,27.46666667,7.4,3.2,38.8,5.8,28.1,1.87,73,0.649,3100,NaN,NaN,64.8,52.5,79.6,70.4,60.2,82.7,29.6,2.300578035,39.8,17.3,10.8,17.5,2.6,2.4,3.6,1.1,2,0.4,0.7,0.2,1.8,2.2,0.8,0.638,0.0875,0.5465,0.9545,0.9625,NaN,NaN,NaN,NaN,NaN,NaN,NaN,NaN,NaN,NaN,NaN
Bolivia (Plurinational State of),9516.62,190.585,16.5,4.2,4,47,2.8,24.6,2.58,71.8,0.714,3290,5.747499943,31,12,5.9,17.9,54.6,40.9,68.1,45.4,1.852664577,59.1,31.9,20.9,34.2,7.7,6.1,9.2,2.3,4,4.4,6.8,2.1,10.1,13,4.8,0.728,0.352,0.6185,0.9805,0.962,NaN,NaN,NaN,NaN,NaN,NaN,NaN,NaN,NaN,NaN,NaN
Bosnia and Herzegovina,12208.156,493.841,43.86666667,3,20.5,33.8,1.2,42.5,1.31,76.9,0.777,5380,5.674099922,35,27.4,15.5,39.2,52.1,37.9,66,47.9,1.826470588,62.1,34,22.7,36.4,8.6,4.6,7.7,1.5,3,7.2,11.8,2.7,12.5,16.4,5.7,0.7115,0.302,0.5985,0.9705,0.9745,NaN,NaN,NaN,NaN,NaN,NaN,NaN,NaN,NaN,NaN,NaN
Botswana,13887.959,118.301,24.63333333,2.4,20,60.5,3.3,24.9,2.53,61.8,0.73,7170,3.478899956,60,53,38,67.8,68,56,80,32,2.2,44,20,18,29.5,6.6,5.7,9,2.1,4,6.6,10.9,2.5,25.6,31.9,11.7,0.7175,0.0845,0.8045,1,0.98,NaN,NaN,NaN,NaN,NaN,NaN,NaN,NaN,NaN,NaN,NaN
Brazil,16554.706,324.397,15.78333333,1,12.8,49,3.4,32.4,1.75,75.7,0.762,8580,6.375599861,38,21.4,11.4,30.8,59.7,46,72.7,40.3,1.978021978,54,27.3,19.7,32.6,7.2,6.9,10.9,1.7,4,7.4,11.8,3.3,19.2,24.7,8.8,0.6955,0.137,0.667,1,0.98,NaN,NaN,NaN,NaN,NaN,NaN,NaN,NaN,NaN,NaN,NaN
Brunei Darussalam,58956.201,32.687,4.883333333,1.3,6.9,NaN,-0.2,30.5,1.77,74.2,0.836,29800,NaN,NaN,38.6,42.2,34.7,66.7,62.7,70.9,33.3,1.281786942,37.3,29.1,9.8,13.9,5.5,2.2,2.9,1.4,1,0.5,0.7,0.2,1.2,1.6,0.6,0.679,0.031,0.724,0.9945,0.9655,NaN,NaN,NaN,NaN,NaN,NaN,NaN,NaN,NaN,NaN,NaN
Bulgaria,18514.541,547.207,42.68333333,3.6,6.2,40.2,1.2,43,1.47,73.3,0.813,7990,5.101500034,44,13.9,6.8,20.6,34,20.8,46.1,66,1.469387755,79.2,53.9,38.7,56.6,20.6,5.9,8.7,2.9,4,12.7,20.2,5.7,18.5,25.6,8.8,0.743,0.2625,0.7375,0.993,0.979,NaN,NaN,NaN,NaN,NaN,NaN,NaN,NaN,NaN,NaN,NaN
Burkina Faso,103.481,1.851,12.36666667,6.4,77,39.5,0.4,17.4,4.77,61.3,0.443,719,4.768700123,40,58.5,47.2,69.3,63.1,48.8,76.8,36.9,2.206896552,51.2,23.2,15.7,27.3,4.8,4.5,6.7,2.4,5,12,20.2,4.2,20.9,26.2,9.9,0.655,0.066,0.7035,0.8745,0.978,NaN,NaN,NaN,NaN,NaN,NaN,NaN,NaN,NaN,NaN,NaN
Burundi,429.055,0.126,3.366666667,0,NaN,42.4,16.6,17.1,5.93,63.4,0.431,282,3.775300026,19,52.9,37.8,67.4,68.4,56.3,80,31.6,2.185,43.7,20,15.7,26.5,5.3,5,7.4,2.2,5,7.2,11.9,2.8,22.7,28.4,10.6,0.773,0.345,0.855,0.9115,0.979,NaN,NaN,NaN,NaN,NaN,NaN,NaN,NaN,NaN,NaN,NaN
Cote d'Ivoire,333.172,3.147,6.816666667,7.8,9.4,41.5,0.8,19.9,3.83,63.6,0.534,2250,NaN,NaN,56.7,45.7,68.3,61.5,47.7,75.9,38.5,2.170124481,52.3,24.1,17.1,28.4,5.2,5.7,8.4,2.5,5,2.7,4.3,1.1,20.3,25.3,9.5,0.6665,0.11,0.677,0.9095,0.9695,NaN,NaN,NaN,NaN,NaN,NaN,NaN,NaN,NaN,NaN,NaN
Cabo Verde,11329.581,74.102,14.91666667,4,9,NaN,0.8,25.8,2.21,NaN,NaN,NaN,NaN,NaN,55.7,44.2,67,66.2,53.1,78.6,39.4,2.152,53.8,25,13.5,23.4,4,4.5,7.2,1.9,3,5.6,8.8,2.4,16.8,21.1,7.8,0.744,0.269,0.7485,0.986,0.974,NaN,NaN,NaN,NaN,NaN,NaN,NaN,NaN,NaN,NaN,NaN
Cambodia,825.9,18.279,11.55,6.9,0.3,37.9,2.9,25.7,2.47,69.7,0.585,1360,4.848400116,21,45.6,30.3,59.6,69.1,56.8,80.4,30.9,2.204081633,43.2,19.6,10.9,19.5,3.1,8,12.1,3.8,5,6.6,10.9,2.7,20.3,25.7,9.5,0.71,0.1745,0.7405,0.947,0.979,NaN,NaN,NaN,NaN,NaN,NaN,NaN,NaN,NaN,NaN,NaN
Cameroon,467.09,7.402,3.866666667,3.5,4.3,46.5,0.6,18.6,4.58,62.6,0.56,1380,5.084899902,25,60.9,48.5,72.8,60.6,46.2,75,33.8,2.191588785,46.9,21.4,17.6,29.7,5.6,6,9.1,2.7,5,5.7,9,2.4,21,26.5,9.9,0.691,0.1545,0.708,0.9255,0.9755,NaN,NaN,NaN,NaN,NaN,NaN,NaN,NaN,NaN,NaN,NaN
Canada,11680.086,126.601,45.41666667,3,6.3,32.1,1.6,42.4,1.6,82.2,0.928,44800,7.23210001,77,12.2,6,18.2,35.5,22.7,47.9,64.5,1.483685221,77.3,52.1,24.2,38.5,9.8,4.5,7.1,1.9,2,8.9,14,4.1,13.4,18.3,6.4,0.732,0.2915,0.7225,0.9435,0.9705,490.29537,223.6564,148.13789,652.76111,621.77661,259.66452,297.80487,35.63406,31.768059,268.28391,340.51254
Central African Republic,316.993,2.34,4.366666667,4.3,6.9,43.6,4.1,19.8,4.25,51.5,0.395,413,NaN,NaN,43.7,28.8,58,62.4,49.2,75.1,37.6,2.040160643,50.8,24.9,28.2,42.9,14.3,3.6,5.5,1.5,5,2.4,3.9,1,8.3,10.5,3.9,NaN,NaN,NaN,NaN,NaN,NaN,NaN,NaN,NaN,NaN,NaN,NaN,NaN,NaN,NaN,NaN
Chad,46.518,1.181,12.1,-3.1,NaN,43.3,-0.9,15.8,5.9,59.9,0.397,659,4.422699928,21,72.7,62.8,82.4,77.6,68.3,86.9,22.4,2.419847328,31.7,13.1,7.2,12.8,1.7,1.8,2.8,0.7,4,1.4,2.3,0.5,6.6,8.1,3.1,0.586,0.16,0.616,0.596,0.97,NaN,NaN,NaN,NaN,NaN,NaN,NaN,NaN,NaN,NaN,NaN
Chile,25711.877,326.514,33.45,1.5,6.7,50.5,2.2,34.8,1.79,80.1,0.849,13900,6.228499889,67,6.6,3.1,10.1,32.4,20,44.2,67.6,1.433691756,80,55.8,22.9,36.6,9.1,5.4,9,1.3,3,9.1,13.9,4.4,13.4,18.4,6.5,0.726,0.323,0.613,0.997,0.97,NaN,NaN,NaN,NaN,NaN,NaN,NaN,NaN,NaN,NaN,NaN
China,657.023,2.053,39.91666667,6.9,3.9,46.5,1.6,37.7,1.6,77.4,0.755,9690,5.123899937,42,42.1,29.1,55.6,44.1,31.4,57.4,55.9,1.610328638,68.6,42.6,23.6,37.1,9.2,3.8,6.1,1,2,7.1,10.9,3,12.7,16.7,5.8,0.682,0.1155,0.721,0.9545,0.9375,503,234,91,692,696,211,248,12,15,291,390
Colombia,12410.397,278.866,4.6,1.8,9.3,51.1,4.3,30.4,1.98,80.1,0.764,6270,6.163400173,39,26.4,14.8,37.3,61.7,48.3,74.4,38.3,2.01953125,51.7,25.6,15.4,26.3,4.9,5.1,7.8,1.5,3,5.7,9.3,2.4,14.7,18.8,6.7,0.7175,0.2155,0.6785,1,0.975,NaN,NaN,NaN,NaN,NaN,NaN,NaN,NaN,NaN,NaN,NaN
Comoros,1030.933,18.399,11.7,2.7,6.5,55.9,1,20.2,3.21,68.5,0.552,1290,NaN,NaN,93.3,89.8,96.9,95.9,93.8,98.1,4.1,3.263157895,6.2,1.9,0.3,0.5,0,0.9,1.4,0.4,1,0.7,1.2,0.2,17.9,21.1,7.8,0.631,0.09,0.523,0.943,0.968,NaN,NaN,NaN,NaN,NaN,NaN,NaN,NaN,NaN,NaN,NaN
Congo,454.397,6.995,4.25,-3.1,36,48.9,0.5,19.6,4.26,65,0.573,1840,NaN,NaN,29.7,17.4,41.8,48.3,34.5,62,51.7,1.723684211,65.5,38,41.7,58.2,25.4,8.3,12.4,3.7,5,9.3,14.6,4,14.1,18.5,6.8,NaN,NaN,NaN,NaN,NaN,NaN,NaN,NaN,NaN,NaN,NaN,NaN,NaN,NaN,NaN,NaN
Costa Rica,22499.184,177.42,9.933333333,3.3,8.1,48.5,1.6,31.7,1.89,80,0.808,12500,7.121399879,57,27.9,16,39.6,63.4,50.5,76.1,36.6,2.071129707,49.5,23.9,14.5,24.5,4.4,4.1,6.2,1.2,2,4.9,7.8,2,12.5,15.8,5.6,0.791,0.555,0.6345,0.9995,0.973,NaN,NaN,NaN,NaN,NaN,NaN,NaN,NaN,NaN,NaN,NaN
Croatia,30883.564,426.597,45.8,2.8,12.4,30.8,1.1,43.3,1.41,78.6,0.848,13300,5.504700184,47,18.5,9.4,26.8,40.3,26.1,53.2,59.7,1.579059829,73.9,46.8,32.1,49.1,15.2,6.1,10,2.4,3,9.2,14.7,4.2,14.2,19.4,6.7,0.733,0.294,0.666,0.995,0.978,NaN,NaN,NaN,NaN,NaN,NaN,NaN,NaN,NaN,NaN,NaN
Cuba,9812.145,75.309,23.11666667,1.6,2.6,NaN,5.5,41.8,1.71,78.3,0.781,8040,NaN,NaN,29.7,17.3,42.1,53.9,40.1,67.7,46.1,1.854489164,59.9,32.3,22.2,35.7,8.3,4.2,6.6,1.3,2,5.8,9.3,2.4,14.6,18.6,6.5,0.746,0.382,0.63,0.998,0.973,NaN,NaN,NaN,NaN,NaN,NaN,NaN,NaN,NaN,NaN,NaN
Cyprus,69170.444,138.062,35.16666667,3.9,11.1,34.8,0.7,37.2,1.47,80.8,0.885,32000,6.15899992,57,13.6,6.9,20.6,31.2,19.4,43.4,68.8,1.424028269,80.6,56.6,30,45.5,13.3,3.6,5.6,1.4,2,10.8,16.9,4.8,14.5,19.7,6.9,0.7085,0.1965,0.6695,0.999,0.969,NaN,NaN,NaN,NaN,NaN,NaN,NaN,NaN,NaN,NaN,NaN
Czechia,42624.163,391.642,50.08333333,NaN,NaN,NaN,NaN,NaN,NaN,79.3,0.898,19700,NaN,NaN,9.3,4.4,14,24.6,14,34.6,75.4,1.314984709,86,65.4,47,65.3,28.6,6.2,9.4,2.9,3,14.5,22.3,7,18.2,25.8,8.9,0.6715,0.145,0.616,0.945,0.978,NaN,NaN,NaN,NaN,NaN,NaN,NaN,NaN,NaN,NaN,NaN
Democratic People's Republic of Korea,0,0,39.01666667,-1.1,25.6,NaN,NaN,34.2,1.94,NaN,NaN,NaN,NaN,NaN,58,44.4,70.8,59.7,46.3,72.3,40.3,1.938628159,53.7,27.7,13.9,23.6,4.3,3.4,5.7,0.8,3,3.8,6.3,1.5,8.3,10.9,3.8,NaN,NaN,NaN,NaN,NaN,NaN,NaN,NaN,NaN,NaN,NaN,NaN,NaN,NaN,NaN,NaN
Democratic Republic of the Congo,105.183,1.625,4.316666667,3.4,NaN,42.1,41.5,18.8,4.54,64.7,0.478,507,NaN,NaN,45.1,30.4,59.6,63.6,50.8,76.2,36.4,2.067226891,49.2,23.8,27.1,41.3,13.4,4,6,1.8,5,2,3.2,0.8,6.7,8.4,3.2,0.5755,0.099,0.568,0.6595,0.976,NaN,NaN,NaN,NaN,NaN,NaN,NaN,NaN,NaN,NaN,NaN
Denmark,57577.58,129.286,55.66666667,2.3,5.7,29,1.1,41.9,1.78,81.1,0.939,56600,7.645599842,88,10.7,5.2,16.1,25.6,15,35.8,74.4,1.323987539,85,64.2,34,51,16.9,5.6,8.6,2.6,2,10.3,15.8,4.9,13.2,18.6,6.5,0.766,0.3705,0.729,0.999,0.964,441.799265,242.80872,186.13608,673.37854,643.03949,319.61255,339.5426,9.6142054,11.214058,194.58598,260.06775
Djibouti,1588.057,19.13,11.58333333,6.7,40,40.9,0.7,24.2,2.27,66.7,0.518,3090,NaN,NaN,68.9,56.2,81.6,80.3,71.8,88.9,19.7,2.540540541,28.2,11.1,7.7,13.4,1.9,1.7,2.3,1,2,0.4,0.8,0.1,2.6,3.2,1.2,NaN,NaN,NaN,NaN,NaN,NaN,NaN,NaN,NaN,NaN,NaN,NaN,NaN,NaN,NaN,NaN
Dominica,21891.625,102.791,15.3,-4.7,23,NaN,0.6,34,2.03,NaN,NaN,NaN,NaN,NaN,30.2,17.7,42.5,54.8,41,68.3,45.2,1.861198738,59,31.7,21.9,35.5,8.3,NaN,NaN,NaN,NaN,11.2,18.1,4.6,17.2,22.2,8,NaN,NaN,NaN,NaN,NaN,NaN,NaN,NaN,NaN,NaN,NaN,NaN,NaN,NaN,NaN,NaN
Dominican Republic,5977.704,40.413,18.46666667,4.6,5.1,47.1,3.3,27.3,2.28,72.9,0.751,8000,5.689199924,28,32.8,19.7,45.5,57,43.3,70.3,43,1.909090909,56.7,29.7,19.9,32.8,7.2,6.6,9.6,2.5,4,6.7,10.7,2.8,14.9,19.2,7,0.701,0.172,0.654,1,0.98,NaN,NaN,NaN,NaN,NaN,NaN,NaN,NaN,NaN,NaN,NaN
Ecuador,5731.049,203.706,0.216666667,2.4,4.6,45.9,0.4,28.1,2.15,76.2,0.762,5950,5.925199986,39,11.6,5.7,17.4,53.5,39.7,67.1,46.5,1.832826748,60.3,32.9,21.3,34.8,7.9,5.7,8.8,1.8,3,4.2,6.4,2,9.3,12,4.3,0.741,0.315,0.687,0.994,0.968,NaN,NaN,NaN,NaN,NaN,NaN,NaN,NaN,NaN,NaN,NaN
Egypt,503.695,24.232,30.05,4.2,12.2,31.8,23.5,23.9,3.41,70.7,0.701,3830,4.151400089,33,94.3,91.2,97.3,97.2,95.8,98.6,2.8,3,4.2,1.4,0.5,0.9,0.1,1.8,2.6,0.8,1,0.4,0.6,0.1,12.8,15.2,5.5,0.637,0.197,0.412,0.972,0.968,NaN,NaN,NaN,NaN,NaN,NaN,NaN,NaN,NaN,NaN,NaN
El Salvador,3110.987,65.215,13.7,2.3,7,36,1,27.6,1.84,75.6,0.67,3920,6.34829998,36,35,20.8,46.8,70.6,58.2,81,29.4,2.2,41.8,19,10.4,19.2,3.1,7.2,11.3,1.9,5,3.9,6.6,1.7,12.2,15.7,5.8,0.7325,0.328,0.631,0.9925,0.98,NaN,NaN,NaN,NaN,NaN,NaN,NaN,NaN,NaN,NaN,NaN
Equatorial Guinea,1217.832,13.044,3.75,-3.2,8.6,NaN,0.7,19.9,4.29,65.8,0.582,8120,NaN,NaN,14.5,7.5,22,27.1,16.7,38.3,72.9,1.350081037,83.3,61.7,63.1,77.6,47.3,9.4,13.1,4.2,5,7.2,10.1,3.3,15.8,21.1,7.7,NaN,NaN,NaN,NaN,NaN,NaN,NaN,NaN,NaN,NaN,NaN,NaN,NaN,NaN,NaN,NaN
Eritrea,287.304,2.904,15.33333333,5,5.8,NaN,9,19.9,3.9,NaN,NaN,NaN,NaN,NaN,68.1,55.1,80.8,79.7,70.8,88.4,20.3,2.517241379,29.2,11.6,8,14.2,2.1,2.2,7.8,2.1,3,1.4,2.4,0.5,5.9,7.2,2.7,NaN,NaN,NaN,NaN,NaN,NaN,NaN,NaN,NaN,NaN,NaN,NaN,NaN,NaN,NaN,NaN
Estonia,45847.103,209.936,59.43333333,4.9,5.8,34.8,3.7,43,1.6,77.9,0.889,19700,6.021800041,75,11.6,5.3,16.9,27.2,15.1,37.4,72.8,1.356230032,84.9,62.6,47.4,66.2,29.6,20.2,20.7,19.7,5,9.2,15,4.4,20.9,28.4,9.8,0.733,0.2055,0.7505,1,0.976,459.1508,249.21239,160.16359,663.34558,663.61151,277.80951,345.31406,4.4668403,6.4666839,244.85326,264.07236
Eswatini,6358.584,122.569,NaN,NaN,NaN,NaN,NaN,NaN,NaN,57.8,0.605,3780,NaN,NaN,55.8,40.8,70.2,71.2,59.6,82.3,28.8,2.282485876,40.4,17.7,16.4,27.5,6,5,3.1,1.1,5,10,17,3.8,32.7,40.6,15.3,0.728,0.157,0.789,0.985,0.98,NaN,NaN,NaN,NaN,NaN,NaN,NaN,NaN,NaN,NaN,NaN
Ethiopia,430.154,6.586,9.033333333,10.9,17.5,33,9.9,18,4.91,68.4,0.478,757,4.186200142,38,64.7,51.1,78.1,77.4,67.9,86.8,22.6,2.431818182,32.1,13.2,9.7,16.8,2.7,3.4,5.1,1.4,4,2.4,3.9,0.8,12,14.7,5.5,0.7005,0.399,0.58,0.852,0.971,NaN,NaN,NaN,NaN,NaN,NaN,NaN,NaN,NaN,NaN,NaN
Fiji,7627.35,97.942,18.13333333,3,4.5,NaN,3.4,29.2,2.37,68.3,0.742,5940,NaN,NaN,60.2,46.1,74.7,82.3,74.5,90.2,17.7,2.602040816,25.5,9.8,11.1,18.2,3.7,1.7,2.5,0.6,1,3.3,5.5,1.1,15.2,18.5,6.6,0.675,0.155,0.577,0.997,0.972,NaN,NaN,NaN,NaN,NaN,NaN,NaN,NaN,NaN,NaN,NaN
Finland,25234.033,131.486,60.16666667,2.8,8.5,27.2,0.8,42.6,1.75,81.8,0.937,45600,7.808700085,85,11.4,5.5,17.1,27.5,16.2,38.3,72.5,1.358184765,83.8,61.7,33.3,50.1,16.2,5.8,9.1,2.5,3,10.8,16.8,5.1,14,19.6,6.8,0.8605,0.6755,0.7975,1,0.97,425.84257,235.76947,157.46492,650.72681,630.11621,303.60413,358.7395,40.008617,45.119598,209.89101,248.55974
France,56430.069,238.688,48.86666667,2.3,9.4,29.3,1.2,41.5,2.06,82.9,0.898,38300,6.663799763,69,9.8,4.7,14.6,24.7,14.2,34.4,75.3,1.307926829,85.8,65.6,36,53.7,18.7,5.8,8.9,2.7,3,12.3,19.2,5.8,15.9,22.6,7.9,0.7875,0.457,0.7235,1,0.97,384.732675,224.03085,134.93945,760.88806,742.95538,269.74338,319.1308,9.9747171,7.8422756,175.36299,235.13206
Gabon,2200.308,13.748,0.383333333,0.5,28,42.2,2.7,20.5,3.52,67.5,0.697,7020,4.829299927,30,18.3,9.7,27.1,33.5,21.4,45.9,66.5,1.452865065,78.6,54.1,56.7,72.6,40.5,11.4,17.2,4.8,5,8.7,13.2,4,17.2,22.9,8.4,NaN,NaN,NaN,NaN,NaN,NaN,NaN,NaN,NaN,NaN,NaN,NaN,NaN,NaN,NaN,NaN
Gambia,520.8,15.393,13.45,4.6,NaN,50.2,8,21.3,3.42,66.4,0.487,693,NaN,NaN,68.5,58.1,78.4,73.3,62.2,83.8,26.7,2.333333333,37.8,16.2,9.5,17,2.5,3.3,5.1,1.3,4,3.6,6.1,1.2,13.6,16.9,6.4,0.6425,0.115,0.6055,0.882,0.968,NaN,NaN,NaN,NaN,NaN,NaN,NaN,NaN,NaN,NaN,NaN
Georgia,45264.948,423.17,41.68333333,5,11.8,40.1,6,38.3,1.76,73.3,0.805,4540,4.672599792,56,33.9,19.8,46.3,64.9,51.1,77,35.1,2.126086957,48.9,23,18.5,30.9,6.7,8.1,12,4.2,5,8.3,13.6,3.6,27.3,35.2,12.3,0.7315,0.2465,0.701,1,0.9775,NaN,NaN,NaN,NaN,NaN,NaN,NaN,NaN,NaN,NaN,NaN
Germany,43843.846,189.729,52.51666667,2.5,3.8,27,1.7,47.4,1.46,81.2,0.946,43000,7.075799942,80,7.9,3.7,12,20.6,11.5,29.4,79.4,1.253541076,88.5,70.6,39.7,57.6,21.8,5.2,7.9,2.7,3,12.9,19.9,6.2,16.3,23.2,8,0.7985,0.5295,0.7005,0.9925,0.972,443.84807,242.27838,150.43201,658.66205,637.57751,315.76834,346.25378,17.837324,16.204741,205.45386,289.53189
Ghana,550.347,4.702,5.55,8.4,11.9,NaN,12.4,21.2,3.96,65.8,0.606,1890,5.147999763,43,69.5,58.9,79.6,74,63.2,84.3,26,2.343949045,36.8,15.7,8.9,15.8,2.3,3.4,5.6,1.2,4,2.8,4.4,1.2,10,12.5,4.6,0.669,0.135,0.603,0.9595,0.978,NaN,NaN,NaN,NaN,NaN,NaN,NaN,NaN,NaN,NaN,NaN
Greece,50423.634,320.089,37.98333333,1.4,21.5,36.7,1.1,44.9,1.44,81,0.881,18600,5.514999866,50,15,7.4,22,34.6,21.7,46.7,65.4,1.469043152,78.3,53.3,28.2,44,12.5,4,6,2,2,10.2,16.2,4.5,14.8,20.4,7.1,0.689,0.1265,0.672,0.99,0.966,406.686903,259.48148,95.084076,679.23138,689.48517,310.60394,375.39032,6.5149975,5.7688799,184.53667,274.27158
Greenland,21086.099,36.99,64.18333333,7.7,9.1,33.9,0.3,34,1.97,NaN,NaN,NaN,NaN,NaN,NaN,NaN,NaN,NaN,NaN,NaN,NaN,#DIV/0!,NaN,NaN,NaN,NaN,NaN,NaN,NaN,NaN,NaN,NaN,NaN,NaN,NaN,NaN,NaN,NaN,NaN,NaN,NaN,NaN,NaN,NaN,NaN,NaN,NaN,NaN,NaN,NaN,NaN,NaN,NaN
Grenada,17446.211,210.624,12.05,5.1,24,NaN,0.9,32.1,2,NaN,NaN,NaN,NaN,NaN,26.6,15.1,38,50.4,36.4,64.3,49.6,1.781512605,63.6,35.7,25.2,39.9,10.2,4.6,8.2,1,3,9.5,15.1,3.9,17.6,22.9,8.3,NaN,NaN,NaN,NaN,NaN,NaN,NaN,NaN,NaN,NaN,NaN,NaN,NaN,NaN,NaN,NaN
Guatemala,6442.503,111.35,14.61666667,2.8,2.3,53,4.4,22.5,2.87,72.4,0.657,4160,6.398900032,25,38.2,23.9,51.2,72.7,61.4,83.1,27.3,2.284023669,38.6,16.9,9.1,16.5,2.4,5.5,8.6,1.5,4,2.5,4,1,8.5,10.7,4,0.6595,0.1125,0.5745,0.9725,0.9795,NaN,NaN,NaN,NaN,NaN,NaN,NaN,NaN,NaN,NaN,NaN
Guinea,290.517,3.533,9.5,8.2,2.7,39.4,8.9,19,4.98,60.6,0.473,921,4.949299812,28,73.6,64,83.2,78.4,69.3,87.4,21.6,2.436507937,30.7,12.6,6.8,12,1.6,1.6,2.5,0.7,2,1.1,1.9,0.3,5.4,6.6,2.5,0.6535,0.191,0.7755,0.6835,0.966,NaN,NaN,NaN,NaN,NaN,NaN,NaN,NaN,NaN,NaN,NaN
Guinea-Bissau,449.593,8.943,11.85,5.9,NaN,NaN,1.1,17.8,4.81,60.3,0.472,638,NaN,NaN,66.1,55.1,76.8,71.2,59.5,82.5,28.8,2.314285714,40.5,17.5,10.8,18.9,2.9,4,6.4,1.5,5,5.4,9,2,15.6,19.2,7.2,NaN,NaN,NaN,NaN,NaN,NaN,NaN,NaN,NaN,NaN,NaN,NaN,NaN,NaN,NaN,NaN
Guyana,9100.988,163.371,6.8,2.1,11.1,44.6,2,26.7,1.97,67.1,0.68,6180,NaN,NaN,36.3,22.6,50,60.9,47.8,74.1,39.1,2.015444015,52.2,25.9,17.6,29.2,5.9,6.4,10.2,1.6,5,6.9,11,2.7,15.1,19.1,7,0.74,0.31,0.68,0.9895,0.98,NaN,NaN,NaN,NaN,NaN,NaN,NaN,NaN,NaN,NaN,NaN
Haiti,296.75,7.542,18.53333333,1.2,40.6,60.8,14.7,23.3,2.66,63.5,0.508,1410,3.720799923,18,40.4,25.9,54.2,64.9,52.1,77.1,35.1,2.091703057,47.9,22.9,14.9,25.6,4.8,4.4,6.8,1.5,4,2.7,4.5,1.1,15.7,19.9,7.4,NaN,NaN,NaN,NaN,NaN,NaN,NaN,NaN,NaN,NaN,NaN,NaN,NaN,NaN,NaN,NaN
Honduras,4624.343,111.494,14.1,4.8,5.6,47.1,3.9,23.3,2.61,71.9,0.633,2480,5.953199863,24,34.8,21.4,48,70.2,58.7,81.5,29.8,2.232432432,41.3,18.5,10.7,18.6,2.9,5.2,7.8,2.2,3,3.8,6.1,1.5,12.9,16,5.9,0.7105,0.196,0.682,1,0.964,NaN,NaN,NaN,NaN,NaN,NaN,NaN,NaN,NaN,NaN,NaN
Hungary,22174.587,494.261,47.5,4,4.2,28.2,2.4,42.7,1.45,76.3,0.85,14400,6.000400066,44,14.2,6.8,20.7,33.4,20.1,45.2,66.6,1.458029197,79.9,54.8,37.9,56.1,20.2,6.9,10.8,3.2,4,11.4,18.1,5.4,16.6,23.2,8,0.6935,0.113,0.686,0.9955,0.98,465.63587,293.76733,162.34105,679.27179,686.29309,256.84116,308.1571,7.6134486,10.551611,202.50626,272.6571
Iceland,56894.165,60.143,64.15,4,2.8,28,1.8,36.7,1.99,84,0.946,57700,7.504499912,75,12.7,6.3,19.1,28.5,17.4,39.7,71.5,1.369817579,82.6,60.3,30.6,46.7,14.1,3.8,5.6,2,2,9.1,13.9,4.3,11.8,16.4,5.8,0.9,0.817,0.8245,0.996,0.964,NaN,NaN,NaN,NaN,NaN,NaN,NaN,NaN,NaN,NaN,NaN
India,3237.116,38.451,28.6,6.7,8.5,35.2,3.6,28.1,2.4,70.5,0.642,1920,3.573299885,40,53.5,39.1,68.8,61.2,48.6,74.6,38.8,2.023622047,51.4,25.4,17,27.8,5.4,5.4,8.6,1.5,4,5.5,9,1.9,13.7,17.2,6.2,0.627,0.2715,0.338,0.9615,0.937,489.488646,351.9353,51.767242,669.86035,702.77191,220.94849,282.64328,12.552157,12.246449,184.70367,390.57108
Indonesia,2436.661,58.434,6.166666667,5.1,5.4,36.8,3.8,30.5,2.08,71.1,0.712,3730,5.285600185,37,57.2,42.6,71.8,77.3,67.7,86.8,22.7,2.446969697,32.3,13.2,6.4,11.3,1.4,1.7,2.2,1.1,1,0.6,1,0.2,3.1,3.9,1.4,0.6925,0.1665,0.6605,0.971,0.9705,NaN,NaN,NaN,NaN,NaN,NaN,NaN,NaN,NaN,NaN,NaN
Iran (Islamic Republic of),9000.355,172.197,35.7,3.7,11.8,44.5,9.6,30.8,1.96,77.6,0.785,5200,4.672399998,25,96,93.4,98.7,96.5,94,98.9,3.5,5.454545455,6,1.1,0.1,0.3,0,0.5,0.9,0.1,1,1,1.8,0.3,21.3,23.6,8.5,0.579,0.036,0.359,0.958,0.9635,NaN,NaN,NaN,NaN,NaN,NaN,NaN,NaN,NaN,NaN,NaN
Iraq,6124.175,63.057,33.33333333,-2.1,16,NaN,0.1,20.2,3.94,73.3,0.671,4790,4.784800053,21,93.8,90.5,97.1,96.9,95.3,98.5,3.1,3.133333333,4.7,1.5,0.6,1.1,0.1,0.5,0.6,0.3,1,0.4,0.7,0.1,11,13,4.8,0.535,0.136,0.228,0.807,0.968,NaN,NaN,NaN,NaN,NaN,NaN,NaN,NaN,NaN,NaN,NaN
Ireland,33817.047,164.57,53.31666667,7.2,6.7,31.3,0.3,37.1,1.96,82,0.951,72600,7.093699932,72,7.4,3.5,11.2,18.7,10.5,26.9,81.3,1.224350205,89.5,73.1,40.5,58.5,22.6,5.1,7.3,2.8,2,12.9,19.6,6.4,14.5,21,7.3,0.802,0.5055,0.7395,0.999,0.964,477.61483,292.5083,126.97815,623.13239,594.72986,286.98392,337.57703,42.442703,39.904442,194.93269,340.81052
Israel,54533.98,136.86,31.76666667,3.3,4.2,42.8,0.2,30.1,2.63,83,0.916,37600,7.128600121,60,24.4,13.4,34.9,45,31.1,58.4,55,1.65625,68.9,41.6,18.4,30.4,6.4,2.5,4.2,0.8,1,4.2,6.6,1.9,6.4,8.6,3.1,0.7255,0.234,0.703,1,0.964,NaN,NaN,NaN,NaN,NaN,NaN,NaN,NaN,NaN,NaN,NaN
Italy,40677.489,303.644,41.9,1.5,11.3,31.9,1.3,45.8,1.45,83.1,0.89,31600,6.38740015,53,27.4,15.1,38.8,32.2,18.8,45.6,67.8,1.492647059,81.2,54.4,25,39.7,10.3,3.6,5.7,1.7,1,7.8,12.5,3.5,11.3,15.6,5.4,0.7205,0.316,0.606,0.996,0.965,395.489335,306.33594,130.70905,705.32733,710.31842,280.92224,366.09576,14.294777,12.062819,133.11972,220.81396
Jamaica,5150.571,114.786,18,0.7,12.2,35,4.4,28.6,2.09,76.3,0.734,5040,5.889800072,44,40.8,26.3,54.9,65.1,52.6,77.4,34.9,2.097345133,47.4,22.6,14.7,25,4.6,2.7,4.5,0.6,2,4.2,6.8,1.7,11.3,14.3,5.2,0.745,0.23,0.783,1,0.9675,NaN,NaN,NaN,NaN,NaN,NaN,NaN,NaN,NaN,NaN,NaN
Japan,19493.564,39.086,35.68333333,1.7,2.9,37.9,0.5,47.7,1.42,84.8,0.917,36200,5.870800018,74,9.1,4.3,13.7,43,28.7,56.3,57,1.631578947,71.3,43.7,28.7,44.7,12.6,4.2,6.4,1.9,2,8,12.3,3.9,13.1,17.8,6.2,0.653,0.061,0.584,0.9915,0.973,494.1884945,224.30183,40.767059,626.42706,613.23279,266.19537,291.82288,51.403179,42.559521,271.52426,451.78384
Jordan,17122.161,138.408,31.95,2,18.3,39.7,3.3,22.8,3.14,77.9,0.728,4110,4.633399963,49,93.9,90.7,97.2,97,95.5,98.6,3,3.214285714,4.5,1.4,0.6,1,0.1,1,1.4,0.4,1,0.7,1.2,0.2,23.5,27.6,10.1,0.6385,0.0675,0.5375,0.992,0.957,NaN,NaN,NaN,NaN,NaN,NaN,NaN,NaN,NaN,NaN,NaN
Kazakhstan,7919.685,101.471,51.16666667,4,5,26.3,7.4,30.9,2.22,71.7,0.819,11100,6.057899952,38,31.5,18.2,43.5,60.1,45.7,72.8,39.9,1.996323529,54.3,27.2,19.9,33.3,7.5,10.3,14.6,5.5,5,4.8,7.9,1.9,19.4,25.1,8.9,0.7145,0.142,0.742,0.9975,0.976,NaN,NaN,NaN,NaN,NaN,NaN,NaN,NaN,NaN,NaN,NaN
Kenya,635.125,10.571,1.283333333,4.9,40,48.5,8,20,2.81,66.1,0.599,1470,4.583000183,31,63.1,49.2,76.9,76.1,66.2,86,23.9,2.414285714,33.8,14,10.3,17.8,2.9,4,6.3,1.1,4,2.8,4.6,1.1,13.1,16.1,6,0.7105,0.1925,0.7415,0.934,0.975,NaN,NaN,NaN,NaN,NaN,NaN,NaN,NaN,NaN,NaN,NaN
Kiribati,2871.518,10.883,1.35,3.1,30.6,NaN,0.4,25,2.34,NaN,NaN,NaN,NaN,NaN,70.5,57.7,82.4,87.9,81.9,93.5,12.1,2.784615385,18.1,6.5,6.7,11.8,2,1.3,1.9,0.7,1,0.5,0.8,0.2,3.2,3.9,1.4,NaN,NaN,NaN,NaN,NaN,NaN,NaN,NaN,NaN,NaN,NaN,NaN,NaN,NaN,NaN,NaN
Kosovo,15156.828,177.761,42.66666667,3.7,30.5,23.2,1.5,29.6,NaN,NaN,NaN,NaN,6.325200081,36,NaN,NaN,NaN,NaN,NaN,NaN,NaN,#DIV/0!,NaN,NaN,NaN,NaN,NaN,NaN,NaN,NaN,NaN,NaN,NaN,NaN,NaN,NaN,NaN,NaN,NaN,NaN,NaN,NaN,NaN,NaN,NaN,NaN,NaN,NaN,NaN,NaN,NaN,NaN,NaN
Kuwait,15517.176,60.179,29.36666667,-3.3,1.1,NaN,1.5,29.4,2.35,81.6,0.807,27500,6.102099895,42,97.9,97,99.1,99.4,99.2,99.8,0.6,4,0.8,0.2,0,0,0,0.4,0.5,0.1,1,0,0,0,0.8,0.9,0.3,0.6265,0.0225,0.52,0.997,0.968,NaN,NaN,NaN,NaN,NaN,NaN,NaN,NaN,NaN,NaN,NaN
Kyrgyzstan,3165.603,45.845,42.86666667,4.6,7.1,33.4,3.2,26.8,2.59,73.3,0.696,1200,5.541500092,31,46,30.8,60.4,74.1,63.2,84.5,25.9,2.374193548,36.8,15.5,11.1,19.4,3.2,10.9,15.1,5.6,5,6.3,10.8,2,23.6,29.3,10.6,0.6905,0.116,0.674,0.993,0.98,NaN,NaN,NaN,NaN,NaN,NaN,NaN,NaN,NaN,NaN,NaN
Lao People's Democratic Republic,2977.915,10.405,17.96666667,6.9,0.7,36.7,0.8,23.4,2.65,68.6,0.609,2480,NaN,NaN,35.5,21.9,48.7,60,46.6,73,40,1.977777778,53.4,27,16.6,28.1,5.5,7,10.8,2.9,5,10.7,17.1,4.6,24.5,31.3,11.6,0.7415,0.131,0.899,0.9615,0.975,NaN,NaN,NaN,NaN,NaN,NaN,NaN,NaN,NaN,NaN,NaN
Latvia,50503.938,319.289,56.95,4.5,8.7,34.5,2.9,43.9,1.52,75.8,0.863,15500,5.949999809,57,10.2,4.6,14.8,25,13.5,34.5,75,1.320610687,86.5,65.5,50.2,69.1,32.9,21.5,22.4,20.7,5,12.8,20.9,6.1,22.4,31,10.6,0.7745,0.307,0.8125,1,0.9775,524.1902,253.25412,129.7269,643.69354,639.60291,249.24818,290.47876,5.3358335,3.2603798,288.46832,376.93106
Lebanon,17880.783,157.294,33.86666667,1.5,9.7,NaN,4.5,31.3,1.72,76.2,0.747,7310,4.771500111,25,90.1,84.9,95.3,93.9,90.8,97,6.1,3.066666667,9.2,3,1.3,2.4,0.2,1.3,1.9,0.6,1,1.7,2.9,0.6,25.4,30,10.9,0.641,0.129,0.4895,0.9735,0.9705,NaN,NaN,NaN,NaN,NaN,NaN,NaN,NaN,NaN,NaN,NaN
Lesotho,1609.99,32.956,29.31666667,-1.6,28.1,63.2,5.3,24.4,2.59,51.4,0.522,1110,NaN,NaN,70.6,58,82.8,82.2,73.9,90.1,17.8,2.636363636,26.1,9.9,8.5,14.9,2.4,3.3,5.4,1.3,5,4.6,7.9,1.6,26.1,31.6,11.9,0.699,0.168,0.6485,1,0.98,NaN,NaN,NaN,NaN,NaN,NaN,NaN,NaN,NaN,NaN,NaN
Liberia,158.61,5.813,6.3,2.5,2.8,32,12.4,17.8,5,65.7,0.48,673,4.557899952,28,63.7,52.4,74.9,69.2,57.3,81.1,30.8,2.259259259,42.7,18.9,12,20.7,3.3,5.2,8.4,1.9,5,6.1,9.7,2.5,17.5,21.5,8,0.701,0.255,0.7605,0.827,0.962,NaN,NaN,NaN,NaN,NaN,NaN,NaN,NaN,NaN,NaN,NaN
Libya,7379.748,93.68,32.88333333,64,30,NaN,28.5,29.4,2.03,75.7,0.721,5910,5.488800049,17,99.5,99.2,99.8,99.9,99.8,99.9,0.1,2,0.2,0.1,0,0,0,0.2,0.2,0.1,1,0,0,0,16.6,19.7,7,NaN,NaN,NaN,NaN,NaN,NaN,NaN,NaN,NaN,NaN,NaN,NaN,NaN,NaN,NaN,NaN
Liechtenstein,54029.989,221.953,47.13333333,1.8,2.4,NaN,-0.4,43.4,1.69,NaN,NaN,NaN,NaN,NaN,NaN,NaN,NaN,NaN,NaN,NaN,NaN,#DIV/0!,NaN,NaN,NaN,NaN,NaN,NaN,NaN,NaN,NaN,NaN,NaN,NaN,NaN,NaN,NaN,NaN,NaN,NaN,NaN,NaN,NaN,NaN,NaN,NaN,NaN,NaN,NaN,NaN,NaN,NaN,NaN
Lithuania,45670.54,337.641,54.68333333,3.9,7.1,37.9,3.7,44,1.6,76.1,0.876,16400,6.215499878,60,8.1,3.6,11.8,20.9,10.9,29.1,79.1,1.256699577,89.1,70.9,54.9,73.4,38.2,24.5,23.6,25.4,5,13.2,21.3,6.6,23.7,33.2,11.5,0.8015,0.4395,0.7945,0.992,0.98,538.541295,291.95166,151.61081,644.79767,644.32349,215.29886,282.19785,8.6944227,7.6051412,279.25739,354.26273
Luxembourg,49007.999,185.591,49.6,2.3,5.8,30.4,2.1,39.3,1.62,82.9,0.913,104000,7.237500191,80,3.4,1.6,5.3,8.2,4.2,12.3,91.8,1.092360319,95.8,87.7,51.2,68.9,33.2,5.8,8.7,3,2,12.9,19.5,6.4,13.7,19.9,6.9,0.731,0.2525,0.7075,0.9995,0.965,464.777015,239.61743,121.07518,694.01245,676.8634,253.02322,299.04138,14.512388,13.025016,238.86639,329.99503
Madagascar,242.891,5.099,18.91666667,4.2,1.8,41,8.3,19.9,3.95,65.1,0.527,481,4.165599823,25,67,53.8,80,79.1,70,88,20.9,2.5,30,12,8.5,15,2.2,2.8,4.3,1.2,3,2,3.2,0.8,8.8,10.7,4,0.73,0.201,0.7735,0.98,0.9655,NaN,NaN,NaN,NaN,NaN,NaN,NaN,NaN,NaN,NaN,NaN
Malawi,460.445,14.036,13.96666667,4,20.4,46.1,12.2,16.6,5.43,64.1,0.478,391,3.538000107,30,63.2,49.2,76.9,76.3,66.4,86.1,23.7,2.417266187,33.6,13.9,10.4,18,2.9,3,4.5,1.1,3,3.6,6,1.4,14.7,18,6.8,0.6515,0.164,0.622,0.8395,0.98,NaN,NaN,NaN,NaN,NaN,NaN,NaN,NaN,NaN,NaN,NaN
Malaysia,15418.745,113.289,3.166666667,5.9,3.4,46.2,3.8,28.7,2.48,75.2,0.805,11100,5.384300232,51,49.6,34.4,64.5,70.4,58.8,81.8,29.6,2.263736264,41.2,18.2,9.1,16.1,2.3,2.1,2.7,1.1,1,0.9,1.4,0.3,3,3.7,1.3,0.6785,0.102,0.647,0.9945,0.972,NaN,NaN,NaN,NaN,NaN,NaN,NaN,NaN,NaN,NaN,NaN
Maldives,34339.11,57.535,4.166666667,4.8,2.9,38.4,2.3,28.6,1.72,79,0.734,9820,NaN,NaN,85.8,78.3,93.1,92.1,87.9,96.1,7.9,3.102564103,12.1,3.9,0.3,0.7,0,1.7,2.4,0.6,1,2.2,3.5,0.5,26.9,31.9,11.7,0.645,0.121,0.511,0.992,0.9555,NaN,NaN,NaN,NaN,NaN,NaN,NaN,NaN,NaN,NaN,NaN
Mali,161.761,3.664,12.65,5.4,7.9,40.1,1.8,15.8,5.9,61.2,0.431,802,4.729300022,30,73.2,63.5,82.9,78.1,68.9,87.2,21.9,2.4296875,31.1,12.8,6.9,12.3,1.6,1.3,2.1,0.5,2,1.3,2.2,0.4,5.4,6.6,2.5,0.596,0.17,0.498,0.757,0.959,NaN,NaN,NaN,NaN,NaN,NaN,NaN,NaN,NaN,NaN,NaN
Malta,22507.987,157.22,35.88333333,6.7,4.6,28.1,1.3,41.8,1.48,82.5,0.894,27100,6.772799969,53,17.2,8.8,25.5,37,23.8,50,63,1.524,76.2,50,25.6,40.1,10.4,3.5,5.4,1.5,1,8,12.4,3.6,11.7,15.9,5.6,0.703,0.192,0.6555,1,0.965,NaN,NaN,NaN,NaN,NaN,NaN,NaN,NaN,NaN,NaN,NaN
Mauritania,1363.95,21.442,18.06666667,3.5,10.2,37,2.3,20.7,3.79,70.5,0.542,1500,4.374599934,29,98,96.9,99.1,99.1,98.6,99.5,0.9,2.8,1.4,0.5,0,0.1,0,0.2,0.4,0.1,1,0,0.1,0,3,3.5,1.3,0.606,0.147,0.44,0.879,0.957,NaN,NaN,NaN,NaN,NaN,NaN,NaN,NaN,NaN,NaN,NaN
Mauritius,21737.927,81.304,20.15,3.8,7.1,35.9,3.7,35.7,1.74,75.3,0.801,10300,6.101299763,53,45.9,30.7,60.6,68.8,56.6,80.5,31.2,2.225641026,43.4,19.5,10.8,18.7,2.9,3,5,0.5,2,4.4,7,1.8,10.9,13.7,4.8,0.679,0.144,0.6005,0.9915,0.98,NaN,NaN,NaN,NaN,NaN,NaN,NaN,NaN,NaN,NaN,NaN
Mexico,5526.273,256.331,19.43333333,2,3.4,48.2,6,28.6,2.22,75.5,0.776,9950,6.465000153,31,23.1,12.7,33.2,57.3,43.6,70.6,42.7,1.918367347,56.4,29.4,18,30.1,6.2,6,9.8,1.3,3,5,8,2.1,15,19.3,7,0.7605,0.479,0.5935,0.9955,0.975,588.685785,331.29083,131.41922,641.76294,624.21899,159.11086,186.60216,23.21456,19.42664,236.32854,478.33298
Micronesia (Federated States of),19157.038,50.425,6.916666667,2,16.2,61.1,0.5,25.5,2.37,NaN,NaN,NaN,NaN,NaN,64.7,51.4,78.5,84.8,78,91.9,15.2,2.716049383,22,8.1,9.3,15.5,2.9,2.4,3.6,1.1,2,2.5,4.1,0.8,14.4,17.3,6.5,NaN,NaN,NaN,NaN,NaN,NaN,NaN,NaN,NaN,NaN,NaN,NaN,NaN,NaN,NaN,NaN
Monaco,39348.69,165.63,43.73333333,5.4,2,NaN,1.5,53.8,1.54,NaN,NaN,NaN,NaN,NaN,.,.,.,NaN,NaN,NaN,.,#VALUE!,.,.,.,.,.,NaN,NaN,NaN,NaN,NaN,NaN,NaN,NaN,NaN,NaN,NaN,NaN,NaN,NaN,NaN,NaN,NaN,NaN,NaN,NaN,NaN,NaN,NaN,NaN,NaN,NaN
Mongolia,30283.074,65.095,47.91666667,5.1,8,34,4.6,28.8,2.04,68,0.735,4240,5.456200123,35,37.3,23.1,50.9,66.4,53.7,78.5,33.6,2.153488372,46.3,21.5,15.7,26.5,5.2,11.6,15.1,6.4,5,8.2,12.8,3.8,22,27.7,10,0.7155,0.1215,0.767,0.9935,0.98,NaN,NaN,NaN,NaN,NaN,NaN,NaN,NaN,NaN,NaN,NaN
Montenegro,45169.267,444.064,42.43333333,4.3,16.1,31.9,2.4,38.9,NaN,75.6,0.826,7380,5.54610014,45,22.9,12.4,32.9,46,31.8,59.6,54,1.688118812,68.2,40.4,26.9,42.4,11.4,6.2,8.6,3.8,3,11.5,18.3,5,14,18.7,6.6,0.732,0.219,0.7405,0.998,0.971,NaN,NaN,NaN,NaN,NaN,NaN,NaN,NaN,NaN,NaN,NaN
Morocco,3437.062,44.117,34.01666667,4.1,10.2,40.9,0.8,29.7,2.09,73.1,0.68,3370,5.094799995,40,94.6,91.6,97.4,97.4,96.1,98.7,2.6,3,3.9,1.3,0.5,0.9,0.1,0.8,1.2,0.3,1,0.7,1.2,0.2,21.6,25.8,9.3,0.618,0.1355,0.427,0.9505,0.961,NaN,NaN,NaN,NaN,NaN,NaN,NaN,NaN,NaN,NaN,NaN
Mozambique,737.868,7.122,25.95,3.7,24.5,45.6,15.3,17.3,5.02,57.9,0.452,603,NaN,NaN,66.8,53.1,79.4,79,69.5,87.7,21,2.479674797,30.5,12.3,8.7,15.6,2.4,2.4,3.8,0.8,3,2.3,3.9,0.9,10.9,13.4,5.1,0.755,0.4935,0.6545,0.893,0.98,NaN,NaN,NaN,NaN,NaN,NaN,NaN,NaN,NaN,NaN,NaN
Myanmar,1163.844,35.817,NaN,NaN,NaN,NaN,NaN,NaN,NaN,69.1,0.579,1350,4.308000088,28,50.1,34.7,64.6,72.9,61.7,83.5,27.1,2.321212121,38.3,16.5,8.9,15.9,2.3,6.6,10.5,2.4,4,5.1,8.4,2,15.4,19.3,7,0.679,0.1135,0.647,0.976,0.98,NaN,NaN,NaN,NaN,NaN,NaN,NaN,NaN,NaN,NaN,NaN
Namibia,6687.735,160.573,22.56666667,-0.8,34,59.7,6.1,21.4,3.21,64.7,0.645,4630,NaN,NaN,54.3,38.9,68.4,69.7,57.6,80.9,30.3,2.219895288,42.4,19.1,17.1,28.9,6.5,6.1,9.5,2.5,5,5.4,9.1,2.1,31.3,39.5,14.7,0.808,0.463,0.7895,0.9995,0.98,NaN,NaN,NaN,NaN,NaN,NaN,NaN,NaN,NaN,NaN,NaN
Nauru,42652.76,9.23,NaN,4,23,NaN,5.1,26.7,2.76,NaN,NaN,NaN,NaN,NaN,53.7,38.8,68.3,78,68.5,87.2,22,2.4609375,31.5,12.8,14.4,23.6,5.4,NaN,NaN,NaN,NaN,3.7,6.2,1.3,22.5,27.8,10.3,NaN,NaN,NaN,NaN,NaN,NaN,NaN,NaN,NaN,NaN,NaN,NaN,NaN,NaN,NaN,NaN
Nepal,3435.136,41.25,27.71666667,7.9,3,32.8,4.5,24.5,2.07,70.8,0.596,1020,5.137199879,33,66.9,53.1,79.1,72.9,61.6,82.9,27.1,2.245614035,38.4,17.1,9.8,17.7,2.8,2.3,3.6,0.9,2,2.1,3.5,0.8,6.9,8.7,3.2,0.6875,0.244,0.6355,0.9055,0.965,NaN,NaN,NaN,NaN,NaN,NaN,NaN,NaN,NaN,NaN,NaN
Netherlands,49070.546,131.609,52.35,2.9,4.9,30.3,1.3,42.7,1.78,81.7,0.942,47800,7.448900223,82,12.1,5.9,18.1,27.9,16.7,38.8,72.1,1.361111111,83.3,61.2,31.6,48,14.9,3.6,5.7,1.7,2,9.6,14.8,4.5,11.4,15.9,5.5,0.7645,0.4035,0.694,1,0.962,428.36748,224.94611,145.41707,696.65802,666.23254,300.22305,329.58533,16.739883,13.825583,201.43257,284.93921
New Zealand,39793.121,45.871,41.3,3,4.7,36.2,1.9,38.1,2.01,81.8,0.928,40300,7.299600124,88,10.6,5.1,15.8,25.4,14.9,35.2,74.6,1.313271605,85.1,64.8,35.2,53.1,18.3,4.2,6.3,2.1,2,10.6,16.4,5.2,13.7,19.4,6.9,0.8405,0.645,0.7505,1,0.966,474,264,141,656,639,295,306,19,16,205,338
Nicaragua,230.204,3.698,12.13333333,4.9,6.4,47.1,3.9,26.2,1.87,75.2,0.659,2090,6.13710022,22,31.6,18.7,43.8,67.5,55.1,79.2,32.5,2.158653846,44.9,20.8,12.1,21.3,3.6,7.7,12.2,2.1,4,5.2,8.5,2.1,15.1,19.2,7,0.803,0.616,0.6175,1,0.978,NaN,NaN,NaN,NaN,NaN,NaN,NaN,NaN,NaN,NaN,NaN
Niger,39.01,1.297,13.51666667,4.9,0.3,34,2.4,15.5,6.35,62,0.391,514,4.909599781,32,75.2,66.2,84.2,79.8,71.2,88.3,20.2,2.461538462,28.8,11.7,6.2,11,1.4,1,1.4,0.4,2,0.7,1.2,0.2,2.3,2.8,1.1,0.632,0.155,0.6725,0.738,0.964,NaN,NaN,NaN,NaN,NaN,NaN,NaN,NaN,NaN,NaN,NaN
Nigeria,129.176,1.531,9.083333333,0.8,16.5,48.8,16.5,18.3,4.85,63.8,0.534,2510,4.724100113,25,43.1,30.4,56.3,47.4,33,62.3,52.6,1.777188329,67,37.7,27.3,43.1,11.3,7.9,12.1,3.5,5,10.8,17.2,4.4,24.3,31.4,11.7,0.633,0.0435,0.7055,0.816,0.967,NaN,NaN,NaN,NaN,NaN,NaN,NaN,NaN,NaN,NaN,NaN
Niue,7663.782,0,NaN,NaN,NaN,NaN,NaN,NaN,NaN,NaN,NaN,NaN,NaN,NaN,41.3,26.8,55.4,66.8,54.5,78.9,33.2,2.156398104,45.5,21.1,23.2,36.2,10.4,NaN,NaN,NaN,NaN,10.7,17,4.2,28.1,34.6,12.8,NaN,NaN,NaN,NaN,NaN,NaN,NaN,NaN,NaN,NaN,NaN,NaN,NaN,NaN,NaN,NaN
North Macedonia,16545.709,459.254,42,0,22.4,33.7,1.4,38.2,1.49,74.3,0.77,5170,NaN,NaN,23.1,12.6,33.4,46.3,32.3,60.1,53.7,1.696741855,67.7,39.9,26.5,41.8,11.1,4.3,6.9,1.4,2,6.2,9.9,2.4,13.9,18.5,6.5,0.716,0.289,0.613,0.99,0.972,NaN,NaN,NaN,NaN,NaN,NaN,NaN,NaN,NaN,NaN,NaN
Norway,27365.703,81.676,59.91666667,1.9,4.2,26.8,1.9,39.3,1.85,82.8,0.956,76000,7.487999916,84,9.3,4.5,14.2,21,12,30.2,79,1.260744986,88,69.8,35.4,52.2,17.9,3.4,5.4,1.4,2,7.4,11.2,3.6,9.7,13.4,4.7,0.847,0.651,0.7785,0.9945,0.964,436.633605,227.40991,168.48694,641.81549,614.54816,365.84821,370.3389,4.9389901,9.2430582,199.98746,277.3829
Oman,7815.708,90.627,23.61666667,-0.9,NaN,NaN,1.6,25.8,2.8,73.6,0.813,15100,NaN,NaN,85.3,81.5,94.2,91.7,89.6,96.7,8.3,3.151515152,10.4,3.3,2.1,2.9,0.3,1.6,2,0.7,1,0.8,1,0.2,9.2,10,3.6,0.6085,0.041,0.4675,0.9635,0.961,NaN,NaN,NaN,NaN,NaN,NaN,NaN,NaN,NaN,NaN,NaN
Pakistan,713.083,13.867,33.68333333,5.4,6,30.7,4.1,24.1,2.55,65.5,0.552,1500,5.69329977,31,96.5,94.7,98.4,98.8,98.2,99.4,1.2,3,1.8,0.6,0.1,0.1,0,0.6,0.8,0.2,1,0.3,0.6,0.1,20.3,23.8,8.8,0.56,0.155,0.3235,0.818,0.944,NaN,NaN,NaN,NaN,NaN,NaN,NaN,NaN,NaN,NaN,NaN
Palau,31975.459,38.691,7.483333333,-3.7,1.7,NaN,0.9,33.6,1.7,NaN,NaN,NaN,NaN,NaN,.,.,.,NaN,NaN,NaN,.,#VALUE!,.,.,.,.,.,NaN,NaN,NaN,NaN,NaN,NaN,NaN,NaN,NaN,NaN,NaN,NaN,NaN,NaN,NaN,NaN,NaN,NaN,NaN,NaN,NaN,NaN,NaN,NaN,NaN,NaN
Panama,23077.167,197.438,8.966666667,5.4,6,50.7,0.9,29.5,2.28,79.9,0.812,14900,6.304800034,35,19.5,10.4,28.5,52.3,38.5,66,47.7,1.808823529,61.5,34,21.5,34.9,8,5.3,8.2,1.3,3,8,12.6,3.4,16.2,21,7.5,0.74,0.252,0.7405,0.996,0.973,NaN,NaN,NaN,NaN,NaN,NaN,NaN,NaN,NaN,NaN,NaN
Papua New Guinea,515.769,7.466,9.45,2.5,2.5,50.9,5.4,23.4,2.97,64.4,0.549,2750,NaN,NaN,67.6,54.8,80.7,86.3,80.1,92.7,13.7,2.726027397,19.9,7.3,7.8,13.2,2.3,2.3,3.5,1,2,1.4,2.3,0.5,7.7,9.2,3.4,0.635,0,0.684,0.895,0.959,NaN,NaN,NaN,NaN,NaN,NaN,NaN,NaN,NaN,NaN,NaN
Paraguay,10068.842,275.091,25.26666667,4.8,5.7,51.7,3.6,28.7,1.9,76.5,0.727,5870,5.692100048,28,24.7,13.9,35.7,64,51.6,76.8,36,2.086206897,48.4,23.2,17.2,28.3,5.7,6.3,9.7,2.2,4,7.6,11.9,3.2,19.1,23.9,8.8,0.7045,0.169,0.677,0.998,0.9745,NaN,NaN,NaN,NaN,NaN,NaN,NaN,NaN,NaN,NaN,NaN
Peru,12826.634,659.308,12.05,2.5,6.9,45.3,2.8,28.4,2.1,80,0.771,6570,5.796800137,38,8.8,4.2,13.3,46.8,32.9,60.4,53.2,1.694444444,67.1,39.6,26.3,41.6,11,6.9,10.4,2.7,4,6.4,9.8,3.1,11.7,15.3,5.5,0.735,0.3625,0.646,0.9675,0.964,NaN,NaN,NaN,NaN,NaN,NaN,NaN,NaN,NaN,NaN,NaN
Philippines,3682.649,58.97,14.6,6.7,5.7,44.4,2.9,23.7,2.99,71.6,0.711,3500,6.006000042,34,43.1,28.6,57.7,66.9,54.7,79,33.1,2.157142857,45.3,21,12.1,20.8,3.4,5.2,7.7,1.8,4,6.9,11,2.8,19,23.7,8.7,0.7835,0.361,0.7945,0.998,0.979,NaN,NaN,NaN,NaN,NaN,NaN,NaN,NaN,NaN,NaN,NaN
Poland,16736.213,311.709,52.25,4.7,4.9,30.8,2,41.1,1.36,78,0.877,14300,6.186299801,56,13.5,6.5,19.9,32,19.3,43.6,68,1.430851064,80.7,56.4,38.9,57.1,21,6.9,10.6,2.9,4,11.7,18.4,5.6,16.4,22.9,7.9,0.711,0.171,0.7,0.994,0.98,485.89434,295.00824,158.78271,666.81372,645.25305,262.41089,310.96182,12.566577,10.205232,203.20055,314.79718
Portugal,53773.348,246.166,38.71666667,2.7,8.9,33.9,1.6,43.7,1.39,81.7,0.86,21000,5.910900116,61,12.6,6,18.4,30.8,18.4,41.7,69.2,1.399656947,81.6,58.3,31.3,48.6,15.2,5.9,9.6,2.2,3,12,19.4,5.6,16.5,23.5,8.2,0.7705,0.377,0.7415,0.991,0.9725,514.0183705,328.15643,96.268341,673.74304,677.23273,199.77654,289.14047,7.0391064,5.0314465,231.28491,372.32706
Qatar,16605.665,23.776,25.28333333,1.6,8.9,41.1,0.4,33.4,1.89,76.1,0.845,59800,NaN,NaN,44.9,37.5,68.2,54.4,47.9,74.8,45.6,2.067460317,52.1,25.2,20.5,25.6,4.6,6.9,8.3,1.3,2,1.6,1.9,0.4,5.7,6.2,2.2,0.6205,0.043,0.5015,0.9885,0.9475,NaN,NaN,NaN,NaN,NaN,NaN,NaN,NaN,NaN,NaN,NaN
Republic of Korea,52855.792,59.502,37.55,3.1,3.7,35.7,1.9,42.3,1.27,82.9,0.914,31000,NaN,NaN,7.1,3.3,10.8,36.1,23,48.8,63.9,1.50390625,77,51.2,33,49.9,15.7,7.6,11.8,2.6,2,9.7,14.7,4.8,15.5,21,7.3,0.688,0.213,0.589,0.9745,0.976,476.187987,215.00894,48.994484,679.87683,675.8324,243.97131,272.44778,31.756468,23.739212,269.38647,418.98608
Republic of Moldova,14749.268,295.441,47,4.5,4.1,26.8,6.6,37,1.57,74,0.746,3260,5.607500076,34,11.4,5.4,16.8,33.4,20.4,45.2,66.6,1.452554745,79.6,54.8,28.6,45.1,13,26.1,26.9,25.3,5,11.4,18.3,5.3,27.1,36.4,12.7,0.778,0.349,0.7885,0.996,0.98,NaN,NaN,NaN,NaN,NaN,NaN,NaN,NaN,NaN,NaN,NaN
Romania,17056.556,348.06,44.43333333,6.9,4.9,27.3,1.3,41.6,1.36,75.5,0.823,10700,6.123700142,44,13.5,6.5,19.9,32.8,19.9,44.5,67.2,1.443243243,80.1,55.5,39,57.2,21.1,8.6,12,4.7,4,11.7,18.6,5.5,17.6,24.6,8.5,0.699,0.101,0.7165,0.9975,0.98,NaN,NaN,NaN,NaN,NaN,NaN,NaN,NaN,NaN,NaN,NaN
Russian Federation,14794.88,268.615,55.75,1.5,5.2,41.2,3.7,39.8,1.61,73,0.823,11900,5.546000004,30,27.2,24,30,41.9,38.6,44.6,58.1,1.108303249,61.4,55.4,38.8,49.8,29.1,21.6,23.1,19.9,5,11.2,19.1,4.6,20.8,28.5,9.8,0.708,0.085,0.767,1,0.98,NaN,NaN,NaN,NaN,NaN,NaN,NaN,NaN,NaN,NaN,NaN
Rwanda,1025.014,11.326,1.95,6.1,2.7,50.4,4.8,19.2,3.75,68.3,0.54,830,3.312299967,54,48.8,33.2,62.4,65,51.6,76.6,35,2.068376068,48.4,23.4,17.9,30.9,6.9,6.7,9.9,3.2,4,9,14.8,3.5,24.2,31.1,11.7,0.808,0.563,0.7365,0.9585,0.974,NaN,NaN,NaN,NaN,NaN,NaN,NaN,NaN,NaN,NaN,NaN
Saint Kitts and Nevis,12325.162,86.479,17.3,2.1,4.5,NaN,0,35.5,1.77,NaN,NaN,NaN,NaN,NaN,22.8,12.5,33,45.2,31.4,58.7,54.8,1.661016949,68.6,41.3,28.7,44.7,12.7,NaN,NaN,NaN,NaN,8.9,14.1,4,16.1,21.4,7.7,NaN,NaN,NaN,NaN,NaN,NaN,NaN,NaN,NaN,NaN,NaN,NaN,NaN,NaN,NaN,NaN
Saint Lucia,16180.082,222.19,14,3,20,NaN,0.1,35.5,1.74,75.1,0.758,11000,NaN,NaN,26,14.5,36.9,50.3,36.1,63.7,49.7,1.760330579,63.9,36.3,25.4,40.7,10.7,6.3,10,2.1,4,10.6,17.2,4.4,18.9,24.9,8.9,NaN,NaN,NaN,NaN,NaN,NaN,NaN,NaN,NaN,NaN,NaN,NaN,NaN,NaN,NaN,NaN
Saint Vincent and the Grenadines,8539.751,104.561,13.13333333,0.7,18.8,NaN,2.2,34.2,1.78,72.8,0.736,7210,NaN,NaN,29,16.9,41.3,53.4,39.7,67.2,46.6,1.838414634,60.3,32.8,22.8,36.6,8.7,4.4,7.2,0.7,3,9.1,14.4,3.7,16.8,21.7,7.8,NaN,NaN,NaN,NaN,NaN,NaN,NaN,NaN,NaN,NaN,NaN,NaN,NaN,NaN,NaN,NaN
Samoa,8047.315,14.616,13.81666667,2.5,5.2,NaN,1.3,24.8,2.64,70.4,0.709,4300,NaN,NaN,63.1,49.7,77.4,84,77.1,91.5,16,2.694117647,22.9,8.5,9.9,16.1,3.1,2.4,3.4,1.2,1,2.7,4.3,0.9,14.3,17.1,6.3,NaN,NaN,NaN,NaN,NaN,NaN,NaN,NaN,NaN,NaN,NaN,NaN,NaN,NaN,NaN,NaN
Sao Tome and Principe,2864.587,35.134,0.333333333,3.9,12.2,30.8,5.7,18.7,4.11,70.7,0.624,1670,NaN,NaN,60,48,71.8,66,NaN,78.5,34,2.176744186,46.8,21.5,13.9,23.9,4.1,7,10.2,3.2,5,5.9,9.3,2.6,18.9,23.5,8.8,NaN,NaN,NaN,NaN,NaN,NaN,NaN,NaN,NaN,NaN,NaN,NaN,NaN,NaN,NaN,NaN
Saudi Arabia,2371.322,27.176,24.65,-0.9,6,45.9,-0.9,29.9,2.04,74.3,0.854,20100,6.406499863,53,93.4,91.4,96.1,94.2,92.7,96.5,5.8,2.085714286,7.3,3.5,0.2,0.2,0,0.2,0.3,0.1,1,0.2,0.3,0,3,3.6,1.3,0.6195,0.077,0.457,0.9795,0.964,NaN,NaN,NaN,NaN,NaN,NaN,NaN,NaN,NaN,NaN,NaN
Senegal,530.778,11.754,14.73333333,7.2,48,40.3,1.3,19,4.2,68,0.516,1360,4.980800152,45,74.3,64.4,83.4,78.9,69.6,87.5,21.1,2.432,30.4,12.5,6.4,11.7,1.5,1.6,2.4,0.7,2,0.8,1.4,0.2,3.3,4.1,1.5,0.676,0.3255,0.5185,0.8945,0.967,NaN,NaN,NaN,NaN,NaN,NaN,NaN,NaN,NaN,NaN,NaN
Serbia,34977.857,250.942,44.83333333,1.9,14.1,38.7,3.1,42.8,1.44,75.6,0.803,6260,5.77820015,38,17.9,9.1,26,40,26.2,53,60,1.570212766,73.8,47,32.9,50,15.8,4.5,7.3,1.6,3,8.8,13.9,3.9,17.6,24,8.4,0.7795,0.4465,0.7025,0.998,0.9705,NaN,NaN,NaN,NaN,NaN,NaN,NaN,NaN,NaN,NaN,NaN
Seychelles,50909.535,173.874,4.616666667,5.3,3,46.8,2.9,35.8,1.85,NaN,NaN,NaN,NaN,NaN,23.2,12.7,33.8,45.1,31.3,59.1,54.9,1.679706601,68.7,40.9,26,40.8,10.5,8.6,12.8,2.8,4,20.5,32,9.5,21,27.6,9.7,NaN,NaN,NaN,NaN,NaN,NaN,NaN,NaN,NaN,NaN,NaN,NaN,NaN,NaN,NaN,NaN
Sierra Leone,97.267,1.567,8.483333333,3.7,15,34,18.2,19.1,4.69,61.2,0.447,630,3.926399946,33,63.5,52.1,74.6,69.1,56.9,80.8,30.9,2.244791667,43.1,19.2,12,21,3.4,4.6,7.1,2,5,5.7,9.9,1.6,17.2,21.2,8,0.6635,0.083,0.7155,0.8905,0.966,NaN,NaN,NaN,NaN,NaN,NaN,NaN,NaN,NaN,NaN,NaN
Singapore,37032.485,29.109,1.283333333,3.6,2.2,45.9,0.6,34.9,0.84,84.7,0.936,61100,6.377099991,85,6.7,3.1,10.2,30,18.3,41.2,70,1.389455782,81.7,58.8,32.2,49.2,15.5,2.4,3.5,1.2,1,2,3.1,1,2.8,3.9,1.4,0.7305,0.2125,0.757,0.9915,0.963,NaN,NaN,NaN,NaN,NaN,NaN,NaN,NaN,NaN,NaN,NaN
Slovakia,34005.06,379.873,48.15,3.4,8.1,23.7,1.3,41,1.42,77.5,0.858,17700,6.280600071,49,11.6,5.6,17.4,30.8,18.4,42.3,71.3,1.381666667,82.9,60,39.2,57.5,21.3,8.3,12.9,3.2,4,11.1,17.4,5.4,16,22.3,7.7,0.7145,0.1865,0.6905,1,0.98,NaN,NaN,NaN,NaN,NaN,NaN,NaN,NaN,NaN,NaN,NaN
Slovenia,60044.345,408.615,46.05,5,6.6,24.4,1.4,44.2,1.58,81.4,0.912,23500,6.363399982,60,67.7,55,80.6,28.7,17.1,40,13.5,2.698630137,19.7,7.3,42.3,60.3,23.7,8,12.7,3.5,3,11.9,18.4,5.6,17,23.7,8.1,0.7425,0.1905,0.8025,1,0.977,493.328315,286.19876,166.4624,630.43781,631.75488,283.19666,336.93594,6.0041695,5.0139275,234.16261,299.83286
Solomon Islands,3577.751,22.275,9.433333333,3.5,NaN,NaN,0.5,22.8,3.09,59,0.564,2320,NaN,NaN,97.1,95.5,98.7,86.5,80.3,92.7,0.7,3.666666667,1.1,0.3,7.8,13.2,2.4,2.1,2.9,1.1,2,1.8,3,0.6,9.6,11.5,4.3,NaN,NaN,NaN,NaN,NaN,NaN,NaN,NaN,NaN,NaN,NaN,NaN,NaN,NaN,NaN,NaN
Somalia,171.683,8.563,2.066666667,2.3,NaN,NaN,1.5,18.2,5.7,NaN,NaN,NaN,NaN,NaN,53.5,38.3,68,99.3,98.9,99.7,31,2.226804124,43.2,19.4,0,0.1,0,0.2,0.3,0.1,1,0,0,0,1.2,1.4,0.5,NaN,NaN,NaN,NaN,NaN,NaN,NaN,NaN,NaN,NaN,NaN,NaN,NaN,NaN,NaN,NaN
South Africa,6813.47,172.703,25.7,1.3,27.5,62.5,5.3,27.4,2.26,64.4,0.707,5640,4.814099789,44,NaN,NaN,NaN,69,56.8,80.6,NaN,#DIV/0!,NaN,NaN,17.7,29.3,6.6,6.4,10,2.2,5,9.5,15.9,3.5,28.9,36.2,13.2,0.7815,0.4975,0.6535,0.996,0.979,420.86209,249.58841,102.93914,694.82947,695.37225,NaN,334.19431,18.698801,13.1774,195.03345,294.16318
South Sudan,163.931,1.233,4.85,-5.2,NaN,46,187.9,18.1,5.34,63,0.429,NaN,NaN,NaN,.,.,.,NaN,53.2,NaN,.,#VALUE!,.,.,.,.,.,3,4.5,1.3,4,NaN,NaN,NaN,NaN,NaN,NaN,NaN,NaN,NaN,NaN,NaN,NaN,NaN,NaN,NaN,NaN,NaN,NaN,NaN,NaN,NaN,NaN
Spain,28723.332,244.865,40.4,3,17.2,35.9,2,43.1,1.5,83.1,0.905,27700,6.400899887,62,13.6,6.6,20.1,31.4,19.1,43,68.6,1.419298246,80.9,57,29.7,45.8,13.5,4.3,6.7,1.8,2,12.7,20.1,5.8,13.7,19.1,6.6,0.788,0.486,0.704,0.998,0.965,419.009985,289.1279,145.90932,686.55231,696.88,283.99557,347.16925,13.180323,13.661777,166.75362,236.22913
Sri Lanka,3136.708,78.465,6.916666667,3.3,4.4,39.2,6.5,33.1,2.05,77.2,0.779,4160,4.327000141,38,48.3,32.6,62.4,71.3,59.4,82.1,28.7,2.268156425,40.6,17.9,9.7,17.3,2.6,4.6,7.5,1.1,3,4.1,6.8,1.7,13.9,17.7,6.3,0.67,0.162,0.5515,0.988,0.98,NaN,NaN,NaN,NaN,NaN,NaN,NaN,NaN,NaN,NaN,NaN
Sudan,145.127,11.38,15.6,1.4,19.6,NaN,32.4,17.9,4.85,70.1,0.506,2100,NaN,NaN,95.2,92.7,97.8,97.7,96.6,98.9,2.3,3.090909091,3.4,1.1,0.4,0.7,0.1,0.7,1.1,0.3,1,0.5,0.9,0.1,18,21.2,7.9,NaN,NaN,NaN,NaN,NaN,NaN,NaN,NaN,NaN,NaN,NaN,NaN,NaN,NaN,NaN,NaN
Suriname,13846.5,237.287,5.833333333,1.9,8.9,NaN,22,30.2,1.9,72.6,0.734,9020,NaN,NaN,34.1,20.7,47.4,57.8,44.2,71.3,42.2,1.944250871,55.8,28.7,18.9,31.1,6.5,5,7.7,1.5,4,5.3,8.5,2.2,12.2,15.6,5.6,0.733,0.2525,0.717,0.9925,0.971,NaN,NaN,NaN,NaN,NaN,NaN,NaN,NaN,NaN,NaN,NaN
Sweden,25433.681,203.668,59.33333333,2.1,6.7,24.9,1.9,41.1,1.87,82.7,0.943,53000,7.353499889,85,11.6,5.7,17.5,27,16.1,37.8,73,1.348874598,83.9,62.2,32.4,48.9,15.5,3.6,5.8,1.5,2,8.9,13.7,4.2,12,16.6,5.8,0.8225,0.5185,0.811,0.998,0.9625,489.67199,220.15288,171,633.43988,611,306.21265,338,5.0034747,7,275.1911,313
Switzerland,49881.439,158.725,46.91666667,1.7,3.2,29.5,0.5,42.5,1.56,83.9,0.955,88000,7.559899807,85,7.5,3.5,11.4,18.8,10.4,27,81.2,1.22739726,89.6,73,39.9,57.7,22,4.5,7,2.2,2,11.5,17.7,5.6,13.6,19.4,6.7,0.7965,0.4965,0.736,0.99,0.964,NaN,NaN,NaN,NaN,NaN,NaN,NaN,NaN,NaN,NaN,NaN
Syrian Arab Republic,327.971,18.074,33.5,-36.5,50,NaN,28.1,24.5,2.44,NaN,NaN,NaN,NaN,NaN,97.7,96.2,99.2,98,96.6,99.3,2,4.857142857,3.4,0.7,0,0.1,0,0.1,0.2,0.1,1,0.2,0.4,0.1,25.6,30,11.1,0.568,0.067,0.285,0.953,0.965,NaN,NaN,NaN,NaN,NaN,NaN,NaN,NaN,NaN,NaN,NaN
Turkey,20061.448,119.995,39.93333333,7.4,10.9,40.2,11.1,31.4,2,78.1,0.817,12000,5.131800175,40,89.1,82.7,95.1,93.1,89,97,6.9,3.666666667,11,3,1.5,2.9,0.2,1.4,2.1,0.5,1,2.1,3.6,0.6,24.8,29,10.4,0.6385,0.123,0.4895,0.974,0.9665,NaN,NaN,NaN,NaN,NaN,NaN,NaN,NaN,NaN,NaN,NaN
Tajikistan,186.482,1.311,38.55,7.1,2.4,32.6,7.3,24.8,2.59,69.2,0.661,1120,5.555699825,25,53.8,39.1,68.6,79.3,70.4,88.2,20.7,2.508474576,29.6,11.8,7.9,13.9,2,5.3,7.3,2.9,3,3.3,5.6,1,15,18.3,6.8,0.6565,0.121,0.5915,0.942,0.969,432.418243,305.04739,67.591736,684.50616,679.09766,270.44739,300.95496,46.099934,34.116821,133.94724,358.25012
Thailand,6743.905,47.536,13.75,3.9,0.7,44.5,0.7,38.1,1.52,78.3,0.772,6490,5.998799801,36,34.5,20.8,47.6,59.1,45.4,72.3,40.9,1.971119134,54.6,27.7,16.8,28.4,5.6,7.4,11.3,2.4,4,8.3,13.4,3.5,19.6,25.3,8.8,0.7095,0.084,0.791,0.9855,0.978,NaN,NaN,NaN,NaN,NaN,NaN,NaN,NaN,NaN,NaN,NaN
The United Kingdom,35353.533,289.929,51.5,1.7,4.4,32.4,2.7,40.5,1.88,81,0.928,46200,7.164500237,77,11,5.3,16.4,26.6,15.7,37,73.4,1.338095238,84.3,63,33.7,50.9,16.7,4.6,6.9,2.5,2,11.5,17.8,5.4,14.7,20.7,7.3,0.7775,0.421,0.7245,0.999,0.9655,456.76741,248.63229,140.0818,655.42712,634.91687,284.67795,326.51575,35.057838,29.869604,216.20476,308.61597
Timor-Leste,1770.495,10.467,8.583333333,-4.6,4.4,31.9,0.6,19.1,4.67,70.5,0.599,1230,NaN,NaN,58,43.7,72.6,78.4,69.4,87.6,21.6,2.467741935,30.6,12.4,6.5,11.3,1.4,2.9,4.4,0.9,3,2.2,3.4,0.9,9,10.9,4.1,0.725,0.244,0.7225,0.9615,0.9725,NaN,NaN,NaN,NaN,NaN,NaN,NaN,NaN,NaN,NaN,NaN
Togo,475.049,3.503,6.116666667,4.4,6.9,46,-0.7,19.9,4.32,64.5,0.51,613,4.187200069,29,69.9,59.7,79.7,74.3,63.5,84.8,25.7,2.401315789,36.5,15.2,8.8,15.7,2.2,2.7,4.1,1.2,4,2.5,3.9,1,11.5,14.2,5.3,0.69,0.19,0.7925,0.7995,0.979,NaN,NaN,NaN,NaN,NaN,NaN,NaN,NaN,NaN,NaN,NaN
Tonga,15310.09,11.353,21.13333333,2.5,1.1,NaN,7.4,23.3,3.03,72.9,0.723,4680,NaN,NaN,66.4,53,79.4,85.8,79.1,92.3,14.2,2.714285714,20.9,7.7,8.5,14.4,2.7,1.7,2.5,0.9,1,0.8,1.3,0.3,9.7,11.8,4.4,NaN,NaN,NaN,NaN,NaN,NaN,NaN,NaN,NaN,NaN,NaN,NaN,NaN,NaN,NaN,NaN
Trinidad and Tobago,13236.055,304.826,10.65,-2.6,4.9,NaN,1.9,36.6,1.7,74.8,0.795,16500,NaN,NaN,20.5,10.8,29.7,41.3,27.5,54.4,58.7,1.589912281,72.5,45.6,31,47.8,14.5,4.8,8.6,0.2,4,6.7,10.6,3,14,18.8,6.6,0.749,0.319,0.703,0.994,0.98,NaN,NaN,NaN,NaN,NaN,NaN,NaN,NaN,NaN,NaN,NaN
Tunisia,9705.635,247.643,36.8,2,15.5,40,5.3,32,2.17,77.5,0.738,3950,4.392199993,44,91.3,85.5,96.8,94.8,91.1,98.4,5.2,5.5625,8.9,1.6,1.1,2.2,0.1,1.4,2.1,0.6,1,2.1,3.8,0.6,33.4,37.2,13.2,0.646,0.214,0.445,0.9565,0.969,NaN,NaN,NaN,NaN,NaN,NaN,NaN,NaN,NaN,NaN,NaN
Turkmenistan,0,0,37.95,6.5,11,40.8,8,28.3,2.06,70.6,0.71,7350,5.119100094,19,41.6,26.8,55.6,69.6,57.5,81,30.4,2.236842105,42.5,19,13.3,23,4.1,9.3,12.6,5,5,4.9,8.4,1.7,17.4,21.9,7.9,NaN,NaN,NaN,NaN,NaN,NaN,NaN,NaN,NaN,NaN,NaN,NaN,NaN,NaN,NaN,NaN
Tuvalu,22981.682,0,8.516666667,3.2,NaN,NaN,4.1,26,2.93,NaN,NaN,NaN,NaN,NaN,66.4,53,79.5,85.6,78.9,92.2,14.4,2.705128205,21.1,7.8,8.4,14.2,2.6,NaN,NaN,NaN,NaN,1.5,2.5,0.5,11.1,13.4,4.9,NaN,NaN,NaN,NaN,NaN,NaN,NaN,NaN,NaN,NaN,NaN,NaN,NaN,NaN,NaN,NaN
Uganda,370.866,7.936,0.316666667,4.8,9.4,39.5,5.6,15.9,5.62,65.7,0.538,872,4.43200016,27,47.4,32.5,62,63.7,50.9,76.2,36.3,2.06302521,49.1,23.8,19.4,31.9,7.2,6.5,9.4,3,5,15.1,24.6,5.9,25.4,31.9,12.1,0.7205,0.295,0.694,0.911,0.98,NaN,NaN,NaN,NaN,NaN,NaN,NaN,NaN,NaN,NaN,NaN
Ukraine,12201.771,252.677,50.43333333,2.5,9.2,25.5,14.4,40.8,1.55,73.9,0.774,3110,4.56069994,33,12.7,9.8,15,38.2,31.3,43.9,61.8,1.22459893,68.7,56.1,20.2,31.6,9.5,20.5,21.2,19.8,5,8.3,14,3.7,21.1,27.8,9.6,0.7105,0.146,0.721,0.9975,0.978,NaN,NaN,NaN,NaN,NaN,NaN,NaN,NaN,NaN,NaN,NaN
United Arab Emirates,10557.599,23.74,24.46666667,0.8,1.6,NaN,2,37.2,1.73,73.7,0.889,39700,6.790800095,71,70.6,65.4,87.3,81.5,78.3,92.1,18.5,2.746835443,21.7,7.9,6.4,8.2,0.9,3.5,4.1,1.2,1,3.9,4.9,0.8,18.7,20,7,0.716,0.4025,0.5065,0.992,0.963,NaN,NaN,NaN,NaN,NaN,NaN,NaN,NaN,NaN,NaN,NaN
United Republic of Tanzania,68.061,1.415,6.8,6,10.3,37.6,5.3,17.9,4.71,66.7,0.524,959,3.476200104,38,47.1,32.2,61.6,63.6,50.7,76,36.4,2.054166667,49.3,24,19.4,31.9,7.2,7.3,10.9,3.1,5,11.3,18.8,4.1,24.7,31.2,11.7,0.713,0.24,0.704,0.939,0.97,NaN,NaN,NaN,NaN,NaN,NaN,NaN,NaN,NaN,NaN,NaN
United States of America,29404.445,323.187,38.88333333,2.2,4.4,45,2.1,38.2,1.87,79,0.925,59800,6.939599991,67,9.2,4.4,13.8,28.3,17,39.3,71.7,1.36738056,83,60.7,29,44.7,13.1,4.9,7.5,2.1,3,9.9,15.3,4.6,13.2,18.4,6.5,0.766,0.3305,0.766,0.998,0.97,507.945105,271.28406,165.84395,667.41168,635.36212,265.77472,305.76767,27.808388,19.768225,247.01257,331.74963
Uruguay,28611.176,216.971,34.85,2.7,7.6,41.6,6.2,35.1,1.79,77.5,0.816,16000,6.440100193,71,6,2.7,9,31.1,18.7,42.4,68.9,1.411458333,81.3,57.6,24.9,39.7,10.5,3.9,7,0.9,3,6.9,10.8,3.4,15.4,21.4,7.6,0.7065,0.143,0.7035,1,0.98,NaN,NaN,NaN,NaN,NaN,NaN,NaN,NaN,NaN,NaN,NaN
Uzbekistan,736.558,4.891,41.31666667,5.3,5,36.8,12.5,29.1,1.75,68.1,0.717,2900,6.257599831,26,53.9,38.5,68.3,79.2,69.9,88,20.8,2.508333333,30.1,12,7.9,14,2,6.5,8.9,3.6,4,2.6,4.5,0.8,12.5,15.4,5.6,NaN,NaN,NaN,NaN,NaN,NaN,NaN,NaN,NaN,NaN,NaN,NaN,NaN,NaN,NaN,NaN
Vanuatu,3900.763,4.558,17.73333333,4.2,1.7,NaN,3.1,22.3,2.97,65.3,0.603,2860,NaN,NaN,67.6,54.6,80.4,86.4,80.1,92.6,13.6,2.689189189,19.9,7.4,7.9,13.4,2.4,1.8,2.3,1.1,1,2.3,3.7,0.8,6.7,8.1,3,0.6475,0,0.644,0.969,0.9755,NaN,NaN,NaN,NaN,NaN,NaN,NaN,NaN,NaN,NaN,NaN
Venezuela (Bolivarian Republic of),1925.015,20.495,10.48333333,-14,27.1,39,"1,087.50",28.7,2.3,NaN,NaN,NaN,5.053199768,15,27.2,15.5,38.6,62,48.8,74.8,38,2.031746032,51.2,25.2,14.9,25.4,4.7,6.7,10,1.6,4,4.1,6.6,1.8,14.5,18.4,6.6,0.699,0.199,0.617,0.998,0.98,NaN,NaN,NaN,NaN,NaN,NaN,NaN,NaN,NaN,NaN,NaN
Viet Nam,11830.276,44.352,21.03333333,6.8,2.2,34.8,3.5,30.9,1.79,74.3,0.7,2460,5.353499889,36,38.6,24.1,52.4,63.4,50,76.1,99.4,2.092050209,50,23.9,14.4,24.6,4.4,7.3,11.2,2.3,4,8.7,14.1,3.5,21.1,26.9,9.6,0.703,0.124,0.758,0.9835,0.9475,NaN,NaN,NaN,NaN,NaN,NaN,NaN,NaN,NaN,NaN,NaN
Yemen,40.049,7.239,15.35,-5.9,27,37.9,24.7,19.8,3.48,66.1,0.468,1290,3.527400017,15,99,98.5,99.5,99.3,98.9,99.7,0.7,3.666666667,1.1,0.3,0,0,0,0.1,0.2,0,1,0.1,0.1,0,7.3,8.6,3.2,0.492,0.001,0.282,0.717,0.968,NaN,NaN,NaN,NaN,NaN,NaN,NaN,NaN,NaN,NaN,NaN
Zambia,1815.338,21.861,15.41666667,3.4,15,57.5,6.6,16.8,5.58,62.5,0.582,1370,3.759399891,33,58.7,44.2,73,72.7,61.7,83.5,27.3,2.321212121,38.3,16.5,12.6,21.6,3.8,4.2,6.4,1.6,4,6.5,10.6,2.6,17,21,7.9,0.7245,0.1765,0.8035,0.938,0.98,NaN,NaN,NaN,NaN,NaN,NaN,NaN,NaN,NaN,NaN,NaN
Zimbabwe,1743.695,37.812,17.81666667,3.7,11.3,43.2,0.9,20.2,3.97,60.6,0.569,1510,3.299200058,24,71,58.4,82.8,82.4,74.3,90,17.6,2.57,25.7,10,8.3,14.6,2.3,3.1,4.9,1.2,4,4.7,8,1.6,25.4,31,11.7,0.733,0.206,0.7645,0.983,0.98,NaN,NaN,NaN,NaN,NaN,NaN,NaN,NaN,NaN,NaN,NaN
